,Entity,Tag
0, Angamanain (Andaman island), 
1,ABASCIA (Abyssinia),Location
2,Abaji, 
3,Abaka (Abaga), 
4,Abano, 
5,Abash (Habsh), 
6,Abba Gregory, 
7,Abbott, 
8,Abb·s, 
9,Abdul Kuri islands, 
10,Abeskun (Baxon, 
11,Abher, 
12,Abnús, 
13,Abraha, 
14,Abraiaman, 
15,Abubakr, 
16,Abulfeda, 
17,Abyssinia (Abash), 
18,Acbalec Manzi, 
19,Accambale, 
20,Achalech-Manji,Location
21,Acheh, 
22,Achin, 
23,Achmae,Person
24,Achmath(Ahmad), 
25,Acomat,Person
26,Acomat Soldan (Ahmad Sultan), 
27,Acorn bread, 
28,Acqui, 
29,Acre,Location
30,Acrea, 
31,Adam, 
32,Adam's Peak,Location
33,Adamodana, 
34,Adel, 
35,Aden,Location
36,Aden(Adel),Location
37,Adoration of the Emperor, 
38,Adulis, 
39,Aepyornis and its eggs, 
40,Africa, 
41,Agathou Daimonos, 
42,Aghrukji or Ukuruji, 
43,Agricola, 
44,Aguil, 
45,Ahmad of Fenaket, 
46,Ahmadi, 
47,Aidhab, 
48,Aidhej, 
49,Aijaruc, 
50,Aikah Nowin, 
51,Ajmir, 
52,Ak-Bulak salt-mines, 
53,Ak-khoja, 
54,Akaas of Bolor, 
55,Akbar and Kublai, 
56,Akhaltziké (Western Georgia), 
57,Akhtuba River, 
58,Aktar, 
59,Al Biruni, 
60,Alabastri, 
61,Alacou, 
62,Alacou(Hukalu), 
63,Alamut, 
64,Alania, 
65,Alans, 
66,Alaodin,Person
67,Alaone, 
68,Alarm Tower, 
69,Alau,Person
70,Alauddin (Alaodin), 
71,Albenigaras, 
72,Alboquerque, 
73,Alchemy, 
74,Alexander III, 
75,Alexander IV, 
76,Alexander the Great, 
77,Alexandria, 
78,Alidada, 
79,Alihaiya, 
80,Alinak, 
81,Alligator, 
82,Almalik, 
83,Almanacs, 
84,Almonds, 
85,Aloes, 
86,Altai (Altay) Mountains, 
87,Altai Mountains,Location
88,Altun–Khan, 
89,Al–Ramni, 
90,Amazons, 
91,Ambergris, 
92,Amda Zion, 
93,Ameri, 
94,Amhara, 
95,Amien, 
96,Amita Buddha, 
97,Amphora, 
98,Amu, 
99,Amu (Bamoo),Location
100,Ananda, 
101,Anaurahta, 
102,Ancestor Worship, 
103,Anchors, 
104,Andaine, 
105,Andaman Islands , 
106,Andragiri, 
107,Andreas, 
108,Andrew, 
109,Andromeda ovalifolia, 
110,Andun, 
111,Angaman (Andaman) Islands,Location
112,Angelic French, 
113,Animal Patterns, 
114,Anin, 
115,Annals of the Indo–Chinese States, 
116,Antarctic, 
117,Anthropoides Virgo, 
118,Antongil Bay, 
119,Anár, 
120,Apostoille (for 'Pope'), 
121,Apples of Paradise , 
122,Apushka (Apusca), 
123,Arab Seamen's Traditions about Java, 
124,Arabadni, 
125,Arabi , 
126,Arabia, 
127,Arachoti, 
128,Araines, 
129,Arakan, 
130,Aram (Harámi), 
131,Ararat,Location
132,Arblasts, 
133,Arbre Sec, 
134,Arbre Sol or Arbre Sec, 
135,Arcali, 
136,Archbishop of Socotra, 
137,Architectural remains in Indo–China, 
138,Areca, 
139,Areng Saccharifera, 
140,Argaeus, 
141,Argali, 
142,"Arghun Khan (Argon, Lord of the Levant, of Polo)", 
143,Argiron(Erzeroum),Location
144,Argon,Person
145,Argons or half-breeds (Arghún), 
146,Arii, 
147,Arikbuga, 
148,Arimaspia, 
149,Ariora Keshimur, 
150,Aripo, 
151,Arjish (Arzizi), 
152,Arkasun Noian, 
153,Arkhaiun, 
154,Armenia, 
155,Armenia the Greater,Location
156,Armenia the Lesser,Location
157,Armenian Christians, 
158,Armenians, 
159,Arms of Kerman celebrated, 
160,Arrows, 
161,Artacki, 
162,Arts, 
163,Aru (in Sumatra), 
164,Arucki, 
165,Aruk, 
166,Arya Chakravarti, 
167,Aryavartta, 
168,Arzinga,Location
169,Arzinga (Erzingan), 
170,Arziron (Erzrum), 
171,Arzizi (Arjísh), 
172,Asbestos and the Salamander, 
173,Ascelin,Person
174,Asceticism of the Sensin, 
175,Asciar, 
176,Asedin Soldan (Ghaiassuddin Balban), 
177,Ashishin, 
178,Asoka, 
179,Asper, 
180,Assassins, 
181,Asses, 
182,Asterius, 
183,Astrakhan (Gittarchan), 
184,Astrolabe, 
185,Astrology, 
186,Atabegs, 
187,Atkinson's Explorations impunged by Russians, 
188,Atlas, 
189,Audh (Oudh), 
190,Aufat, 
191,Augury, 
192,"Aung Khan (Unc Can, see Prester John of Polo)", 
193,Aurangzib, 
194,Aurora, 
195,Aussa, 
196,Avarian, 
197,Axum, 
198,"Ayas (Layas,Aiazzo, Giazza, port of Cilician Armenia)", 
199,Ayuthia, 
200,Azumiti, 
201,Azure(Ultramarine), 
202,Aëtius, 
203,A·s, 
204,Baatau,Person
205,Baba Buzurg, 
206,Baboons, 
207,Babylon, 
208,Babylonish garments, 
209,Baccadeo, 
210,Baccanor, 
211,Bacsi(Bakhshi), 
212,Badakhshan (Badashan), 
213,Badascia (Badakshan),Location
214,Badger, 
215,Badghís, 
216,Badgír, 
217,Badruddin Lulu of Mosul, 
218,Badáún, 
219,Bafk, 
220,Baft, 
221,Bagdad,Location
222,Baghdad (Baudas), 
223,Bagratidae, 
224,Bahar, 
225,Bahrein, 
226,Bah·uddin Ayaz, 
227,Bai, 
228,Baiberdon, 
229,Baidu Khan, 
230,Bailo, 
231,Baiothony,Person
232,Bakhty·ris of Lurist·n, 
233,Baksi,Person
234,Baku,Location
235,Bala-Sagun, 
236,Baldacchini (Baudekins), 
237,Baldach (Bagdad),Location
238,Baldwin de Courtenay, 
239,Bali, 
240,Balios, 
241,Balish (a money of account), 
242,Balista, 
243,Balk(Balkh),Location
244,Balkhash , 
245,Ballaad-ul-Falfal, 
246,Ballads, 
247,Ballard, 
248,Balor, 
249,Balsamodendron Mukul, 
250,Balti, 
251,Balustrade, 
252,Bam-i-dunyah, 
253,Bamboo , 
254,Bamian, 
255,Bamm, 
256,Bamo, 
257,Bandar Abbas (Bandar-Abbasi), 
258,Bangala, 
259,Bangala(Bengal),Location
260,Bangu(Eastern Siberia),Location
261,Baptism accompanied by branding in Abyssinia, 
262,Bara, 
263,Barac (Borrak), 
264,Barberino, 
265,Bardesir, 
266,Bargu , 
267,Barguchin Tugrum, 
268,Barguerlac , 
269,Barguzinsk, 
270,Barin, 
271,Bark, 
272,Barka Khan (Barca), 
273,Barka khan,Person
274,Barkul, 
275,Bark˙t , 
276,Barlaam and Josaphat, 
277,Barley, 
278,Baroch, 
279,Baron-tala, 
280,Barons,Person
281,Barozzi, 
282,Barsauma (St. Brassamo), 
283,Barskul (Barscol), 
284,Barus, 
285,Barussae Insulae, 
286,Barygazu, 
287,Bascra (Bussora),Location
288,Bashai (Pashai), 
289,Basma, 
290,Basmuls, 
291,Baspa Lama and the Mongol character called after him, 
292,Basra (Bascra or Bastra), 
293,Bathang, 
294,Baths, 
295,Batigala, 
296,Batochina, 
297,Bats, 
298,Battas of Sumatra and their  cannibalism, 
299,Batthala (Patlam in Ceylon), 
300,Battles, 
301,Batu, 
302,Baudas (Baghdad), 
303,Baudekins , 
304,Bauduin de Sebourc, 
305,Bavaria, 
306,Baw·rij, 
307,Bayam,Person
308,Bayan Chingsian, 
309,Bazacata, 
310,Bdellium, 
311,Beads, 
312,Bearcoote, 
313,Bears, 
314,Beast and bird patterns on silks, 
315,Beaten gold, 
316,Beauty of Georgians, 
317,Beds, 
318,Beef not eaten in Maabar, 
319,Bejas of the Red Sea Coast, 
320,Belic' for 'Melic', 
321,Bell, 
322,Bellal Rajas, 
323,Belledi(or balladi), 
324,Belor (Beloor),Location
325,Bendocquedar, 
326,Benedict, 
327,Bengal (Bangala), 
328,Benjamin of Tudela on the Gryphon, 
329,Benzoin, 
330,Berbera, 
331,Berchet, 
332,Bern MS. Of Polo's Book, 
333,Berrie, 
334,Bettelar, 
335,Beyamini, 
336,Bezant, 
337,Bhartpur, 
338,Bianconi, 
339,Biar, 
340,Bibars Bund˙kd·ri (Bendocquedar), 
341,Bielo Osero, 
342,Bigoncio, 
343,Bil˙chis, 
344,Binkin, 
345,Bintang (Pentam), 
346,Birch-bark Books, 
347,Bird-hunts, 
348,Birdwood, 
349,Birhors of Chuta Nagpúr, 
350,Birthday of the Great Kaan, 
351,BirñPandi or PirañBandi, 
352,Bishbalik, 
353,Bishop, 
354,Bitter bread, 
355,Blac, 
356,Black Crane, 
357,Blacker the more beautiful, 
358,Block-books, 
359,Blood-sucking, 
360,"Blous, Bloies'", 
361,Boar's tusks, 
362,Boccassini, 
363,Bodhisatva Avalokitecvara, 
364,Bodleian MS. of Polo, 
365,Boeach, 
366,Boemond, 
367,Boga (Buka), 
368,Boghra Khan, 
369,Bohea country, 
370,Boikoff, 
371,Bokhara,Location
372,Bokhara (Bocara), 
373,Bolgana, 
374,Bolghar, 
375,Bolghar (Bolgara), 
376,Bolivar, 
377,Bolor, 
378,Bombay, 
379,Bonga, 
380,Boni,Person
381,Boniface, 
382,Bonoccio di Mestro, 
383,Bonus (Ebony), 
384,Boodhism in Central Asia,
385,Book of Marco Polo, 
386,Bore in Hangchau Estuary, 
387,Borgal, 
388,Borneo, 
389,BoroBodor, 
390,Borrak (Barac), 
391,Bostam, 
392,Bouqueran, 
393,Boxwood Forests in Georgia, 
394,Bozzi, 
395,Bragadino, 
396,Brahmanical Thread, 
397,Brahmans (Abraiaman), 
398,Brahuis, 
399,Brakhimov, 
400,Brambanan, 
401,Bran diet, 
402,Brazil (wood), 
403,Brephung monastery, 
404,Bretesche, 
405,Brichu (Brius the Upper Kiang), 
406,Bridges, 
407,Brine-wells, 
408,British Museum,Location
409,Brius , 
410,Brius river,Location
411,Brown, 
412,Bruce's Abyssinian Chronology, 
413,Brunetto Latini's Book, 
414,Bucephalus, 
415,Buckrams, 
416,Buddha, 
417,Buddhism, 
418,Buddhist , 
419,Buffet and vessels of Kaan's table, 
420,Buka (Boga), 
421,Bularguchi, 
422,Bulgaria,Location
423,Bulugh·n , 
424,Bund˙kd·r, 
425,Burkan Kaldun, 
426,Burma , 
427,Burnes,Person
428,Burning paper imitations of property at funerals, 
429,Burning the Dead, 
430,Buryats or Buraets, 
431,Butchers, 
432,Butiflis (Mutfili), 
433,Ca-cian-fu (Ho-kien-fou),Location
434,Ca-cian-fu (Tong-tcheou),Location
435,Caaju, 
436,Cacanfu (Hokiang-fu), 
437,Cachanfu (Píuchau-fu), 
438,Cachar Modun, 
439,Cachilpatnam, 
440,Caesalpinia, 
441,Caesarea of Cappadocia (Casaria), 
442,Cai-gui(Qua-tcheou),Location
443,Caichu, 
444,Caidu, 
445,Caiju (on the Hoang-Ho), 
446,"Caiju (on the Kiang, Kwachau)", 
447,Cail (K·yal), 
448,Caindu, 
449,Caingan, 
450,Cairo, 
451,Caiton, 
452,Cala Ataperistan (or Gueber's Castle), 
453,Calachan, 
454,Calacian,Location
455,Calaiate, 
456,Calamanz, 
457,Calamina, 
458,Calatu, 
459,Calatu (Kalhat),Location
460,Caldwell, 
461,Calendar, 
462,Cali or Kael,Location
463,Calicut, 
464,Calif, 
465,Caligine, 
466,Camabaia(Cambay),Location
467,Camadi , 
468,Camandu,Location
469,Cambaluc (Khanbalig or Peking), 
470,"Cambay (Cambaet, Cambeth)", 
471,Cambuscan of Chaucer, 
472,Camels, 
473,Camexu, 
474,Camlets (cammellotti), 
475,Camoens, 
476,Camphor, 
477,Campichu (Kanchau), 
478,"Camul (Kamul, Komul)", 
479,Camut, 
480,Can-giu (Kiang-chan-fui),Location
481,Canal, 
482,Canale, 
483,Cananor, 
484,Cananore, 
485,Canara, 
486,Cancamum, 
487,Candahar, 
488,"Cane,Canes ", 
489,Cannibalism, 
490,Cannibals, 
491,Canonical Hours, 
492,Canpicion (Kan-tcheou),Location
493,Cansay, 
494,Canton, 
495,Cape Comorin, 
496,Cape Corrients , 
497,Cappidoglio, 
498,Caracoron (Kar· Korum), 
499,Caraian,Location
500,Carajan , 
501,Caramoran River (Hoang-Ho), 
502,Caraonas (Karaunahs), 
503,Carats, 
504,Carbine, 
505,Cardamom, 
506,Cardinal's Wit, 
507,Caribs, 
508,Carpets, 
509,Carpini,Person
510,Carriages, 
511,Carrion shot from engines, 
512,Casan, 
513,Casan or Ghazan,Person
514,Casaria (Caesarea of Cappadocia), 
515,Cascar (Cashgar),Location
516,Cascar (Kashgar), 
517,Casem, 
518,Casoni, 
519,Caspian Sea (Sea of Ghel or Ghelan), 
520,Cassay, 
521,Cassia, 
522,Castaldi, 
523,Casvin (KazwÌn), 
524,Cat's Head Tablet, 
525,Catalan Navy, 
526,Cathay (Northern China), 
527,Cathay or Kataia,Location
528,Cathayans, 
529,Catholicos, 
530,Cators , 
531,Cats in China, 
532,Caucasian Wall, 
533,Caugigu, 
534,Caulking of Chinese ships, 
535,Cauly, 
536,Causeway, 
537,Cauterising  heads of children, 
538,Cave-houses, 
539,Cavo de Eli, 
540,Caya-fu,Location
541,Cayu (Kao-yu), 
542,Caí Polo, 
543,Celtic Church, 
544,Census of houses in Kinsay, 
545,Ceremonial of Mongol Court, 
546,Ceylon (Seilan), 
547,Chachan (properly Charchand), 
548,Chagan-Nur(N.E. of Kamul), 
549,Chagatai, 
550,Champa (Chamba), 
551,Chandra Banu, 
552,Chandu,Location
553,Chandu (Shangtu), 
554,Chang-y (Chenchu), 
555,Changan, 
556,Changchau (Chinginju), 
557,Changgan, 
558,Changlu, 
559,Changshan (Chanshan), 
560,Chaohien, 
561,Chaotong, 
562,Chapu, 
563,Characters, 
564,"Charchan (Chachan of Johnson, Charchand)", 
565,Charities of the Kaan, 
566,Charlemagne,Person
567,Chasteaux, 
568,Chaukans or  temporary wives at Kashgar, 
569,Chaul, 
570,Chaym(Kao-yeou),Location
571,Cheapness in China, 
572,Cheetas, 
573,Cheinan, 
574,Chekiang into Fokien, 
575,Chen-gui (Yen-tcheou-fou),Location
576,Chenching (Cochin-China), 
577,Chenchu , 
578,Cheu, 
579,Chibai and Chiban, 
580,Chilaw, 
581,Chin, 
582,Chin-tan, 
583,China,Location
584,Chinangli(Tísinan-fu), 
585,Chinchau, 
586,Chinese, 
587,Chinese empire,Organization
588,Chinese navigation to India,
589,Ching-hoang tower at Hangchau-fu, 
590,Chinghian-fu (Chinkiang-fu), 
591,Chinghiz Khan, 
592,Chinghiz Tora, 
593,Chinghu, 
594,Chinginju (Changchau), 
595,Chingintalas, 
596,Chingsang, 
597,Chingting-fu (Acbaluc), 
598,Chingtsu or Yunglo, 
599,Chinkin, 
600,Chinuchi, 
601,Chin·r, 
602,Chipangu (Japan), 
603,Chisi (Kishm),Location
604,Chitral, 
605,Chloroxylon, 
606,Chochau (Juju), 
607,Choiach, 
608,Chola, 
609,Chonka , 
610,ChonkwÈ , 
611,Chorcha, 
612,Christian, 
613,Christianity, 
614,Christians, 
615,Chrocho (The Rukh), 
616,Chronology and chronological data discussed, 
617,Chuchau-fu, 
618,Chuchu, 
619,ChungkwÈ, 
620,Chungtu, 
621,Churches, 
622,Churchin, 
623,Ciagatai or Zagatai,Person
624,Cian-cian (Kiu-tcheou),Location
625,Cian-gli (Te-tcheou),Location
626,Cian-glu (Tsan-tcheou),Location
627,Cianba (Tsiompa),Location
628,Cianganor,Location
629,Ciarcian (Karashehr),Location
630,Cielstan, 
631,Cin-ghian-fu(Tchin-kiang-fou),Location
632,Cinnamon, 
633,Circumcision , 
634,Cirophanes, 
635,Civet of Sumatra, 
636,Clemenfu (Tai-yuen-fou),Location
637,Clement IV, 
638,Clement IV.,Person
639,Clepsydra, 
640,Cloves, 
641,Coal, 
642,Cobi or Shamo,Location
643,Cobinam (Khubees),Location
644,Cobinan (KohñBan·n), 
645,Cocachin (Kuk·chin), 
646,Cochin-China, 
647,Coco Islands, 
648,Coco-nut (Indian nut), 
649,Cocos Islands, 
650,Coeur de Lion, 
651,Coffins, 
652,Cogachin (Hukaji), 
653,Cogatai, 
654,Cogatal, 
655,Coiganju (Hwaingan-fu), 
656,Coilac,Location
657,Coilon,Location
658,"Coilum (Kaulam, Quilon)", 
659,Coilumin, 
660,Coins , 
661,Coja (Koja), 
662,Cold, 
663,Coleridge, 
664,Coloman, 
665,Colombino, 
666,Colossal Buddhas, 
667,Columbum, 
668,Columbus, 
669,Comania, 
670,Comari,Location
671,Combermere, 
672,Comorin, 
673,Comoro Islands, 
674,Compartments, 
675,Compass, 
676,Competitive Examinations in beauty, 
677,Conchi, 
678,Conci,Person
679,Concubines, 
680,Condi-fu (Tsi-nan-fou),Location
681,Condor, 
682,Condur and Sondur, 
683,Condux, 
684,Conia, 
685,Conjeveram, 
686,Conjurers, 
687,Conosalmi (Kamasal), 
688,Constantinople, 
689,Convents, 
690,Cookery, 
691,Cooper, 
692,Copal, 
693,Copper, 
694,Coral, 
695,Corea (Kauli), 
696,Cormos (Ormus),Location
697,Corn, 
698,Coromandel (Maabar), 
699,Corsairs, 
700,Corte del Milione, 
701,Corvino,Person
702,Cosmography, 
703,Costus, 
704,Cotan, 
705,Cotan (Khoten),Location
706,Cotton, 
707,Counts in Vokhan, 
708,Couriers of the great khan,
709,Courts of Justice, 
710,Cowdung, 
711,Cowell, 
712,"Cowries (porcelain shells, pig shells)", 
713,Cralantur, 
714,Cramoisy (quermesis), 
715,Cranes, 
716,Crawford, 
717,Creman(Carmania),Location
718,Cremation, 
719,Cremesor, 
720,Crocodiles, 
721,Cross, 
722,Crossbows, 
723,Cruelties, 
724,Crusca MS. of Polo, 
725,Crusca MS. of the Travels,Person
726,Cubeb pepper, 
727,Cubits, 
728,Cublay, 
729,Cucintana, 
730,Cudgel, 
731,Cuiju (Kweichau), 
732,Cuinet, 
733,Cuirbouly, 
734,Cuju, 
735,Cun-chin,Location
736,Cuncun (Han-Chung) , 
737,Cunningham, 
738,Cups, 
739,Curds and Curdistan, 
740,Curmosa (Hormuz), 
741,Currency, 
742,Current, 
743,Currents, 
744,Curtains, 
745,Curzola , 
746,Curzon, 
747,Customs, 
748,Cutch pirates, 
749,Cuxstac, 
750,Cuy Khan , 
751,Cuyne(Kuynuk),Person
752,CuynÈ(Kuynuk),Person
753,Cycle, 
754,Cyn-gui,Location
755,Cypresses, 
756,Cyprus, 
757,Cyrus, 
758,D'Alboquerque, 
759,D'Anghieria, 
760,D'Ely, 
761,Da Gama, 
762,Dabul, 
763,Dagroian, 
764,Dailiu (Tali), 
765,Daki·nus, 
766,Dalada, 
767,Dalai Lama, 
768,Dalivar, 
769,Dalmian, 
770,Damas, 
771,Damascus, 
772,Damasks, 
773,Damghan, 
774,Dancing dervishes, 
775,Dancing girls, 
776,Dandolo,Person
777,Dantapura, 
778,Dante, 
779,Darabjird, 
780,Darah, 
781,Dariel, 
782,Darius, 
783,Dark Ocean of the South, 
784,Darkness, 
785,Darraj, 
786,Daruna, 
787,Darwaz, 
788,Dasht, 
789,Dasht-i-Lut(Desert of L˙t) , 
790,Dashtistan tribe and district, 
791,Dasht·b, 
792,Dates , 
793,Daughters of Marco Polo, 
794,David, 
795,Davids, 
796,Davis, 
797,Dawaro, 
798,Daya, 
799,DaÔtu, 
800,De Barros, 
801,De Bode, 
802,De Borron, 
803,De Guignes,
804,De la Croix, 
805,Dead, 
806,Debt, 
807,Decima, 
808,Decimal organisation of Tartar armies, 
809,Decius, 
810,Degh·ns, 
811,Deh Bakri, 
812,Deh·nah, 
813,Delhi, 
814,Demoiselle Crane, 
815,Deogir, 
816,Depopulation of Badakhshan, 
817,Derbend, 
818,Deserts, 
819,Desgodins, 
820,Despina Khatun, 
821,Devad·si, 
822,Devapattan, 
823,Devil trees, 
824,Devil-dancing, 
825,Devils, 
826,DevÈria, 
827,"Dhafar (Dofar, Zhafar)", 
828,Dh˙lkarnain , 
829,Dialects, 
830,Diamonds in India, 
831,Dil·war, 
832,Dimitri II, 
833,Dinh TiÍn-hw‡ng, 
834,Din·r, 
835,Din·r of Red Gold, 
836,Diocletian, 
837,Dir, 
838,Dirakht-i-Fazl, 
839,Dirakht-i-Kush, 
840,Dirhem-Kub, 
841,Dir·wal, 
842,Dish of Sakya or of Adam, 
843,Diu City, 
844,Diul-Sind, 
845,Divination by twigs or arrows, 
846,Dixan, 
847,Dizabulus, 
848,Dizful River, 
849,Djao (Chao) Namian SumÈ  (Kaipingfu), 
850,Djaya, 
851,Doctors at Kinsay, 
852,Dofar, 
853,Dog-headed races, 
854,Dog-sledging in Far North, 
855,Dogana, 
856,Dogh·bah River, 
857,Dogs,
858,Dolfino, 
859,Dolonn˙r, 
860,Dominican friars; their mission to Persia,
861,Dominicans, 
862,Dor,Person
863,Dorah Pass, 
864,Doria, 
865,DorjÈ, 
866,Douglas, 
867,Doyley, 
868,Dragoian (Ta-hua-Mien, 
869,Dragoian (Ta-hua-Mien), 
870,Drawers, 
871,Dreams, 
872,Drums, 
873,Du Bose, 
874,Du Halde's estimate of the revenues of China,
875,Dua Khan, 
876,Ducat, 
877,Dudley, 
878,Duel, 
879,Dufar or Dofar,Location
880,Dufour, 
881,Duhalde, 
882,Dukuz Khatun, 
883,Dulcarnon (Zulkarnain), 
884,Dulites, 
885,Dumas, 
886,Dumb trade, 
887,Duncan, 
888,Duplicates in geography, 
889,Durga Temple, 
890,Dursamand, 
891,Dust-storms, 
892,Duties, 
893,Dutthagamini, 
894,Dwara Samudra, 
895,Dzegun-tala, 
896,Dzungaria, 
897,DíAvezac, 
898,DíOrlÈans, 
899,D·r·pur , 
900,D¸rerís Map of Venice, 
901,Eagle mark on shoulder of Georgian kings, 
902,Eagle-wood, 
903,Eagles, 
904,Earth honoured, 
905,East, 
906,Ebony (bonus), 
907,Edkins, 
908,Edward I, 
909,Edward II, 
910,Effeminacy, 
911,Eggs of Ruc and Aepyornis, 
912,Egrigaia, 
913,Egrigaia (Ninghia),Location
914,Eighurs,Location
915,Ela (cardamom), 
916,Elchidai, 
917,Elenovka, 
918,Elephantiasis, 
919,Elephants,
920,Eli, 
921,Eli or Dely,Location
922,Elima, 
923,Elixir vitae of the Jogis, 
924,Elliot, 
925,Emad, 
926,Embroidery, 
927,Empoli, 
928,Empusa, 
929,Enchanters, 
930,Enchantments, 
931,Engano Island, 
932,Engineering feat, 
933,Engineers, 
934,England, 
935,English trade and character in Asia, 
936,Enlightenment, 
937,Erba, 
938,Erculin, 
939,Erdeni Tso (Erdenidsu, 
940,Eremites (Rishis, 
941,Erginul,Location
942,Erguiul, 
943,Erivan, 
944,Ermine, 
945,Erzinjan, 
946,Erzrum (Arziron), 
947,Eschiel, 
948,Escier (Shaher),Location
949,"Esher (Shehr, Es-shehr)", 
950,Essentemur (Isentimur), 
951,Estimo, 
952,Etchmiadzin Monastery, 
953,Ethiopia and India, 
954,Ethiopian sheep, 
955,Etiquette of the Mongol Court, 
956,Etymologies, 
957,Etzina, 
958,Eunuchs, 
959,Euphrates, 
960,Euphrates river,Location
961,Europeans,
962,Euxine, 
963,Evelyn's Diary, 
964,Execution of Princes of the Blood, 
965,Eyircay· , 
966,Ezina,Location
967,Facen, 
968,Facfur,Person
969,Faghfur (Facfur), 
970,Faizabad in Badakhshan, 
971,Fakan˙r, 
972,Fakata, 
973,Fakhruddin Ahmad, 
974,Falconers, 
975,Falconry in China,
976,Falcons, 
977,Famine, 
978,Fan Wen-hu, 
979,Fanchan Lake, 
980,Fanching, 
981,Fandaraina, 
982,Fansur, 
983,Fansuri camphor, 
984,Fariab, 
985,Faro of Constantinople, 
986,Farriers, 
987,Fars, 
988,Fashiyah, 
989,Fassa, 
990,Fasting days, 
991,Fattan, 
992,Fausto, 
993,Fazl, 
994,Feili, 
995,Female attendants on Chinese Emperors, 
996,Ferlec, 
997,Fernandez, 
998,Ferrier, 
999,Festivals,
1000,Fiag, 
1001,Fid·wÌ, 
1002,Filial Piety in China, 
1003,Filippi, 
1004,Finn, 
1005,Fiordelisa, 
1006,Firando Island, 
1007,Fird˙s, 
1008,Fire, 
1009,Fire worshippers (Guebres) in Persia,Person
1010,Fire-baptism, 
1011,Fire-worship, 
1012,Firishta, 
1013,Fish, 
1014,Fish-oil, 
1015,Florin, 
1016,Flour (Sago, 
1017,Fl¸ckiger, 
1018,Fo-kien,Location
1019,Fog, 
1020,Fokien, 
1021,Folin (Byzantine Empire), 
1022,Fondaco, 
1023,Foot-mark on Adam's Peak, 
1024,Foot-posts in Cathay, 
1025,Forg, 
1026,Formosa, 
1027,Forsyth, 
1028,Fortune, 
1029,Foundlings, 
1030,Four-horned sheep, 
1031,Fowls with hair, 
1032,Foxes, 
1033,Fozl·n, 
1034,Fra terre (Interior), 
1035,Fracastorious, 
1036,Frampton,Person
1037,Franciscan converts, 
1038,Francolin (darr·j of the Persians), 
1039,Frankincense, 
1040,Frederic II, 
1041,French, 
1042,French Expedition up the Kamboja River, 
1043,French Geographical Society,
1044,French mission and missionaries in China, 
1045,Frenchmen, 
1046,Frere, 
1047,Froissart, 
1048,Frère charnel, 
1049,Fu-gui or Concha,Location
1050,Fuchau (Fuju), 
1051,Fuen (Fen) ho , 
1052,Fuju (Fokien and Fuchau), 
1053,Funeral rites, 
1054,Fungul, 
1055,Furs, 
1056,Fusang, 
1057,Fuyang, 
1058,Fuzo, 
1059,Gabala, 
1060,Gagry, 
1061,Gaisue, 
1062,Galashkird, 
1063,Galeasse, 
1064,Galeazza, 
1065,Galingale, 
1066,Galletti, 
1067,Galley-slaves , 
1068,Galleys of the Middle Ages, 
1069,Gambling, 
1070,Game, 
1071,Game Laws, 
1072,Gan-fu (Ning-po),Location
1073,Gan-p'u, 
1074,Ganapati Kings, 
1075,Gandar, 
1076,Gandh·ra , 
1077,Ganfu, 
1078,Ganja, 
1079,Gantanpouhoa, 
1080,Gant˚r , 
1081,Gardenia, 
1082,Gardinerís (misprinted Gardnerís), 
1083,Gardner, 
1084,Garmsir, 
1085,Garnier, 
1086,Garrisons, 
1087,Gat-pauls, 
1088,Gate of Iron, 
1089,Gates, 
1090,Gauenispola Island, 
1091,Gaui or Pariahs of Southern India,
1092,Gauristan, 
1093,Gavraz villages, 
1094,Gazaria, 
1095,Gedrosi, 
1096,Gelath in Imeretia, 
1097,Genealogy of Polos, 
1098,Gengis,Person
1099,Genoa, 
1100,Genoese, 
1101,Gentile Plural names converted into local singulars, 
1102,Geo-gui or Gin-gui(Tso-tcheou),Location
1103,Geographical Society of Paris,
1104,Geographical Text of Polo’s Book constantly quoted, 
1105,"George (Jirjis Yurji, Gurg·n)", 
1106,Georgia,Location
1107,Georgia (Georgiana), 
1108,Gerfalcons , 
1109,Gerini, 
1110,German Follower of the Polos, 
1111,Ghaissuddin Balban (Asedin Soldan), 
1112,Ghazan (Casan) Khan of Persia, 
1113,Ghel, 
1114,GhellÈ (GÌlÌ), 
1115,Ghes, 
1116,Ghiuju, 
1117,Ghiyas ed-din, 
1118,Ghori, 
1119,Gh·ran country, 
1120,Gh˙r, 
1121,Giglioli, 
1122,Gilgit, 
1123,Gill, 
1124,Ginao, 
1125,Gindanes of Herodotus, 
1126,Ginger, 
1127,Ginghintalas (Barkoul),Location
1128,Giraffes, 
1129,Girardo, 
1130,Girdkuh, 
1131,Girls, 
1132,Gittarchan, 
1133,Glaza (Ayas), 
1134,Gleemen and jugglers, 
1135,Goa, 
1136,Gobernador, 
1137,Gog and Magog (Ung and Mungul), 
1138,Gogo, 
1139,Golconda,Location
1140,Golconda diamond mines, 
1141,Gold, 
1142,Gold and silver towers of Mien, 
1143,Gold dust in Tibet, 
1144,Golden King and Prester John, 
1145,Gomispola, 
1146,Gomushtapah, 
1147,Gomuti palm, 
1148,Gondophares, 
1149,Gordon’s “Ever Victorious Army”, 
1150,Gordun Sháh, 
1151,Goriosan, 
1152,Goshawks, 
1153,Gothia (Crimean, 
1154,Govy, 
1155,Goza, 
1156,Gozurat,Location
1157,Goître at Yarkand, 
1158,GoÎs, 
1159,Grail, 
1160,Granaries, 
1161,Grapes in Shan-si, 
1162,Grass-cloths, 
1163,Grasso, 
1164,Great, 
1165,Great Bear (Meistre, 
1166,Great wall of China,Location
1167,Greece, 
1168,Greek fire, 
1169,Greeks, 
1170,Green, 
1171,Gregorieff, 
1172,Gregory X, 
1173,Gregory X.,Person
1174,Grenard, 
1175,Grioni, 
1176,Groat, 
1177,Groot, 
1178,Grote, 
1179,Grueber and Dorville, 
1180,Gryphon, 
1181,Guasmul (Basmul, 
1182,Guchluk, 
1183,Gudar (village, 
1184,Gudar (village), 
1185,Gudran, 
1186,Guebers, 
1187,Guilds of craftsmen at Kinsay, 
1188,Guinea-fowl, 
1189,Guions, 
1190,Gujáh, 
1191,Gumish–Khának, 
1192,Gunpowder, 
1193,Gurgan, 
1194,Gur–Khan of Karacathay, 
1195,Gutturals, 
1196,Guzerat (Gozurat, 
1197,Göring, 
1198,GÌl, 
1199,Haast, 
1200,Habsh (Abash, 
1201,Habíb-ullah of Khotan, 
1202,Hadhramaut (Sessania Adrumetorum), 
1203,Hadiah, 
1204,Haffer, 
1205,Hai-nan, 
1206,Hairy men in Sumatra, 
1207,Hajji Mahomed, 
1208,Hakeddin, 
1209,Half-breeds, 
1210,Hamd Allah Mastaufi, 
1211,Hamilton, 
1212,Hammer–Purgstall on Marco Polo, 
1213,Hamza Pantsúri, 
1214,Hamza of Ispahan, 
1215,Hamúm Arabs, 
1216,Han Yu, 
1217,Han dynasty, 
1218,Han-chung (Cuncun), 
1219,Han-kau, 
1220,Hanbury, 
1221,Hang-chau fu, 
1222,Hanjam, 
1223,Hansi, 
1224,Harhaura, 
1225,Harlez, 
1226,Harran, 
1227,Harshadeva, 
1228,Harsuddi, 
1229,Haru, 
1230,Hashíshín, 
1231,Hasik, 
1232,Hassan, 
1233,Hassán Kalá, 
1234,Hastings, 
1235,Hatan, 
1236,Haunted deserts, 
1237,Havret, 
1238,Hawks, 
1239,Hayton I. (Hethum, 
1240,Hazbana, 
1241,Hazáras, 
1242,He-lung Kiang, 
1243,Heat, 
1244,Heaven, 
1245,Hedin, 
1246,Hei-shui (Mongol Etsina) River, 
1247,Heibak, 
1248,Height, 
1249,Heikel, 
1250,Hel, 
1251,Helena, 
1252,Helli, 
1253,Hemp of Kwei-chau, 
1254,Henry II, 
1255,Henry III, 
1256,Heraclius, 
1257,Herat, 
1258,Hereditary trades, 
1259,Hereford, 
1260,Hermenia, 
1261,Hermits of Kashmir, 
1262,Herodotus, 
1263,Hethum, 
1264,Hiai — or Kiai-chau (Caichu?), 
1265,Hides (See Leather.), 
1266,Hili, 
1267,Hill-people of Fo-kien, 
1268,Hinaur, 
1269,Hind, 
1270,Hindu character, 
1271,Hindus, 
1272,Hing-hwa, 
1273,Hippopotamus’ teeth, 
1274,Hips, 
1275,Hirth, 
1276,Hiuan–Tsung, 
1277,Hiuen Tsang, 
1278,Ho-nhi, 
1279,Hoang-ho,Location
1280,Hochau, 
1281,Hochung-fu (Cachanfu), 
1282,Hodgson, 
1283,Hoernle, 
1284,Hojos, 
1285,Hokien-fu (Cacanfu), 
1286,Hokow, 
1287,Holcombe, 
1288,Hollingworth, 
1289,Holy Sepulchre, 
1290,Homeritae, 
1291,Homi-cheu, 
1292,Hondius map, 
1293,Hooker, 
1294,Hoolaku,Person
1295,Horiad (Oirad, 
1296,Hormuz (Hormos, 
1297,Hormuzdia, 
1298,Horns of Ovis Poli, 
1299,Horoscopes, 
1300,Horsburgh,Person
1301,Horse-posts and Post-houses, 
1302,Horse-stealing, 
1303,Horses, 
1304,Hosie, 
1305,Hospitals, 
1306,Hostelries, 
1307,Hot springs in Armenia, 
1308,Hounds, 
1309,Hours, 
1310,Hsi Hsia dynasty, 
1311,Hu-chau fu (Vuju), 
1312,Hui-hui, 
1313,Hukaji (Hogáchi, 
1314,Hukwan-hien, 
1315,Hullukluk, 
1316,Human fat, 
1317,Humboldt, 
1318,Humáyún, 
1319,Hun-ho (Sanghin River), 
1320,Hundred Eyes, 
1321,Hung Hao, 
1322,Hungary, 
1323,Huns invade Europe,
1324,Hunting equipment and Expedition, 
1325,Hunáwar (Onore, 
1326,Hutton, 
1327,Hwa-chau, 
1328,Hwai River, 
1329,Hwai-lu, 
1330,Hwai-ngan-fu (Coiganju), 
1331,Hwan-ho, 
1332,Hwang-ho (Yellow River, 
1333,Hyena, 
1334,Hyrcania, 
1335,Húlakú Khan (Alau, 
1336,Iabadiu, 
1337,Ibn Batuta (Moorish traveller, 
1338,Ibn Fozlán, 
1339,Ibn-al-Furát, 
1340,Ichin-hien, 
1341,Ichthyophagous cattle and people, 
1342,Icon Amlac, 
1343,Iconium,Location
1344,Iconium (Kuniyah, 
1345,Idolatry (Buddhism) and Idolaters, 
1346,Idols, 
1347,Ieu, 
1348,Ifat, 
1349,Ig, 
1350,Igba Zion, 
1351,Ilchi, 
1352,Ilchigadai Khan, 
1353,Ilija, 
1354,Ilkhan, 
1355,Ilyáts, 
1356,Im Thurn, 
1357,Imáms of the Ismailites, 
1358,Incense, 
1359,India, 
1360,Indian drugs to prolong life, 
1361,Indies, 
1362,Indifference, 
1363,Indigo, 
1364,Indo–China, 
1365,Indragiri River, 
1366,Infants, 
1367,Ingushes of Caucasus, 
1368,Innocent IV, 
1369,Innocent IV.,Person
1370,Inscription, 
1371,Insult, 
1372,Intramural interment prohibited, 
1373,Invulnerability, 
1374,Irghai, 
1375,Irish, 
1376,Iron, 
1377,Iron Gate (Derbend Pass, 
1378,Irtish River, 
1379,Isaac, 
1380,Isabel, 
1381,Isabeni, 
1382,Isentemur (Sentemur, 
1383,Ish, 
1384,Ish-Káshm, 
1385,Iskandar, 
1386,Islands, 
1387,Islands of the Oriental Archipelago,Location
1388,Isle d’Orleans, 
1389,Isle of Rubies (Ceylon), 
1390,Ismailites, 
1391,Ismalies or Assassins,Person
1392,Ismaïl, 
1393,Ispahan (Istanit, 
1394,Israel in China, 
1395,Iteration, 
1396,Ivongo, 
1397,Ivory trade, 
1398,Izzuddin Muzaffar, 
1399,I’tsing, 
1400,Jacinth, 
1401,Jacobite Christians, 
1402,Jacobs, 
1403,Jade stone (jasper) of Khotan, 
1404,Jaeschke, 
1405,Jaffa, 
1406,Jaipál, 
1407,Jaláluddín of Khwarizm, 
1408,Jamaluddin, 
1409,Jambi River, 
1410,James of Aragon, 
1411,Jamáluddín-al-Thaibi, 
1412,Jamúi Khátún, 
1413,Jangama sect, 
1414,Janibeg, 
1415,Japan,Location
1416,Japanese paper-money, 
1417,Jaroslawl, 
1418,Jaspar (Gaspar, 
1419,Jasper and chalcedony, 
1420,Jatolic, 
1421,Jauchau, 
1422,Java,Location
1423,Jawa, 
1424,Jaya–Sinhavarman II, 
1425,Jazirah, 
1426,Jaúzgún, 
1427,Jehangír (Jehan, 
1428,Jenkinson, 
1429,Jerusalem, 
1430,Jerún (Zarun, 
1431,Jesuit maps, 
1432,Jesujabus, 
1433,Jews, 
1434,Jibal, 
1435,Jibal-ul-Thabúl, 
1436,Jiruft, 
1437,Jogis (Chughi), 
1438,John XXII, 
1439,Johnson, 
1440,Johnston, 
1441,Johore, 
1442,Jomard,
1443,Jon (Jihon, 
1444,Jor-fattan (Baliapatan), 
1445,Jordanus, 
1446,Josephus, 
1447,Jubb River, 
1448,Judi, 
1449,Jugglers, 
1450,Juggling extraordinary, 
1451,Juji, 
1452,Juju (Cho-chau), 
1453,Julman, 
1454,Junghuhn, 
1455,Junks. (See also Ships.), 
1456,Jupár, 
1457,Justice, 
1458,Justinian, 
1459,Juzgána (Dogana, 
1460,Juzgána (Dogana), 
1461,Jájnagar, 
1462,Jámisfulah (Gauenispola), 
1463,Kaan, 
1464,Kaans, 
1465,Kabul, 
1466,Kadapah, 
1467,Kafchi-kúe, 
1468,Kahn-i-Panchur, 
1469,Kaidu,Person
1470,Kaidu (Caidu) Khan, 
1471,Kaifung-fu, 
1472,Kaikhosru I. and III, 
1473,Kaikhátu (Kiacatu, 
1474,Kaikus, 
1475,Kain-du,Location
1476,Kaipingfu (Keibung, 
1477,Kairat-ul-Arab, 
1478,Kais, 
1479,Kaisaríya (Caesaraea, 
1480,Kajjala, 
1481,Kakateya, 
1482,Kakhyens, 
1483,Kakula, 
1484,Kalajan (Calachan), 
1485,Kalantan, 
1486,Kala’ Atishparastan (Cala Ataperistan, 
1487,Kala’ Safed, 
1488,Kalchi, 
1489,Kales Devar, 
1490,Kalgan, 
1491,Kalhát (Kalhátú, 
1492,Kalidása, 
1493,Kalinga, 
1494,Kalinjar, 
1495,Kalámúr, 
1496,Kamasal (Conosalmi, 
1497,Kambala, 
1498,Kambalu (Pe-king),Location
1499,Kamboja (Chinla), 
1500,Kambáyat (Cambay), 
1501,Kampar, 
1502,Kamul (Khamil or Hamil),Location
1503,Kamul (Komal, 
1504,Kamál Malik, 
1505,Kamárah, 
1506,Kanauj, 
1507,Kanbalu Island, 
1508,Kancháu (Campichu), 
1509,Kandahár, 
1510,Kandy, 
1511,Kanerkes, 
1512,Kang-hi, 
1513,Kangigu,Location
1514,Kank, 
1515,Kanp’u (Ganpu, 
1516,Kansan, 
1517,Kansuh, 
1518,Kanát-ul-Shám (Conosalmi), 
1519,Kao Hoshang, 
1520,Kao-yu (Cayu), 
1521,Kao–Tsung, 
1522,Kapilavastu, 
1523,Kapukada, 
1524,Karakorum,Location
1525,Karakorum (Caracoron, 
1526,Karakorum (Caracoron), 
1527,Karamoran (Hoang-ho),Location
1528,Karanút, 
1529,Karaunahs (Caraonas, 
1530,Karazan,Location
1531,Karaún Jidun, 
1532,Kardandan,Location
1533,Karens, 
1534,Karmathian, 
1535,Karnúl, 
1536,Karra-Mánikpúr, 
1537,Karrah, 
1538,Kartazonon, 
1539,Kará Hulun, 
1540,Kará Khoja, 
1541,Karájáng (Carajan, 
1542,Karákhitaian Empire, 
1543,Karákásh (“black jade”) River, 
1544,Karámúren (Caramoran) River, 
1545,Karáni (vulgo Cranny), 
1546,Kasaidi Arabs, 
1547,Kashan, 
1548,Kashmiris, 
1549,Kashmír (Keshimur, 
1550,Kasia, 
1551,Kasyapa Buddha, 
1552,Kataghan, 
1553,Kataia,
1554,Katar pirates, 
1555,Katif, 
1556,Kattiawár, 
1557,Kaulam, 
1558,Kaulam–Malé, 
1559,Kauli (Cauly, 
1560,Kaunchi (Conchi, 
1561,Kavváyi, 
1562,Kayten, 
1563,Kazan, 
1564,Kazbek, 
1565,Kazvín (Casvin), 
1566,Kazáwinah, 
1567,Kaïkobad I. and III, 
1568,Keary, 
1569,Kehran, 
1570,Keiaz tribe, 
1571,Keibung (Kaipingfu), 
1572,Kelinfu (Kienning-fu, 
1573,Kemenfu, 
1574,Kenjanfu (Si-ngan fu), 
1575,Keraits, 
1576,Kerala, 
1577,Keria, 
1578,Keriza River, 
1579,Kermán, 
1580,Kerulen (K’i-lien) valley, 
1581,Keshican (Keshikten, 
1582,Kesimur (Cashmere),Location
1583,Kesmacoran (Kij Makrán, 
1584,Kesmacoran (Mekran),Location
1585,Keuyung Kwan, 
1586,Khakán, 
1587,Khalif (Calif) Mosta’Sim Billah of Baghdad, 
1588,Khambavati (Cambay), 
1589,Khanabad (Dogana?), 
1590,Khanfu, 
1591,Khanikoff, 
1592,Khanoolla (Mount Royal, 
1593,Khansâ, 
1594,Kharesem, 
1595,Khato-tribe, 
1596,Khavailu (Hwo-lu h’ien), 
1597,Khazars, 
1598,Khilak, 
1599,Khimka, 
1600,Khinsa, 
1601,Khitan, 
1602,Khmer, 
1603,Khodabanda, 
1604,Khojas, 
1605,Khorasan, 
1606,Khormuzda, 
1607,Khotan (Cotan, 
1608,Khoten,Location
1609,Khumbavati (Cambay), 
1610,Khumdán, 
1611,Khusrú, 
1612,Khutuktai Setzen, 
1613,Khwarizm, 
1614,Khán Bádshah of Khotan, 
1615,Khánbalík, 
1616,Khátún-gol, 
1617,Kia Tsing, 
1618,Kia-k’ing, 
1619,Kiacatu, 
1620,Kiahing (Ciangan, 
1621,Kiai — or Hiai-chau (Caichu), 
1622,Kiakhta, 
1623,Kiang, 
1624,Kiang-mai, 
1625,Kiang-su, 
1626,Kiang-suy (-shui) River, 
1627,Kiangka, 
1628,Kiangshan, 
1629,Kiangsi, 
1630,Kiangtheu, 
1631,Kiang–Ché, 
1632,Kiang–Hung, 
1633,Kiang–Tung, 
1634,Kiao-chi (Tungking, 
1635,Kiaproth,
1636,Kichau Castle, 
1637,Kieh–Ch’a, 
1638,Kien-chau, 
1639,Kien-kwé, 
1640,Kien-lung, 
1641,Kien-ning fu (Kelinfu), 
1642,Kiepert, 
1643,Kiev,Location
1644,Kij–Makrán (Kesmacoran), 
1645,Kila’-i-Gabr, 
1646,Kilimanchi River, 
1647,Kiming shan Mountains, 
1648,Kin, 
1649,Kin-hwa fu, 
1650,Kin-sai or Quin-sai (Hang-tcheou-fou),Location
1651,Kin-sha Kiang, 
1652,Kincha, 
1653,King of the Abraiaman, 
1654,King-tê-chên, 
1655,Kings of Maabar, 
1656,Kingsmill, 
1657,Kinki, 
1658,Kinsay (King-szé), 
1659,Kinshan, 
1660,Kinto, 
1661,Kin–Chi, 
1662,Kipchak (Ponent), 
1663,Kirghiz, 
1664,Kirghiz Kazak, 
1665,Kirghiz-tribe,Organization
1666,Kiria, 
1667,Kirk, 
1668,Kis, 
1669,Kishik, 
1670,Kishm (Casem), 
1671,Kistna River, 
1672,Kitubuka, 
1673,Kiu-chau, 
1674,Kiulan (Quilon, 
1675,Kizil Irmak, 
1676,Kizil River, 
1677,Kneeling oxen, 
1678,Ko-li-ki-sze, 
1679,Kobad, 
1680,Kobdo, 
1681,Kogatai,Person
1682,Koh–Banán (Cobinan), 
1683,Koi-gan-zu (Hoai-ngan-fou),Location
1684,Koja (Coja), 
1685,Kokcha River, 
1686,Kolastri, 
1687,Kolkhoi of Ptolemy, 
1688,Kollam, 
1689,Koloman, 
1690,Kolyma, 
1691,Komár, 
1692,Kondachi, 
1693,Konkan, 
1694,Konár tree, 
1695,Koresh king, 
1696,Kosakio, 
1697,Kosseir, 
1698,Kotcheres, 
1699,Kotlogh, 
1700,Kotlogh Shah, 
1701,Kotou,
1702,Kotrobah Island, 
1703,Kouyunjik, 
1704,Kozlov, 
1705,Ku-kwan, 
1706,Kuang-chou, 
1707,Kublai Khan,Person
1708,Kuché character, 
1709,Kuhistan, 
1710,Kukin-Tána, 
1711,Kukju (Genkju), 
1712,Kuku–Khotan (Blue Town), 
1713,Kulasaikera, 
1714,Kuláb, 
1715,Kulán, 
1716,Kumhari, 
1717,Kumiz, 
1718,Kummájar, 
1719,Kumár, 
1720,Kunduz, 
1721,Kunduz–Baghlán, 
1722,Kung-ki-cheng (Fei-ch’eng), 
1723,Kunguráts, 
1724,Kuniyah (Conia, 
1725,Kunlun (Pulo Condore), 
1726,Kurd dynasty, 
1727,Kurdistan (Curdistan), 
1728,Kurds,Person
1729,Kuria Maria Islands, 
1730,Kuridai, 
1731,Kurmishi, 
1732,Kurshids of Lùristán, 
1733,Kus, 
1734,Kushluk, 
1735,Kutan, 
1736,Kutchluk Khan (Buddhist, 
1737,Kutuktemur, 
1738,Kutulun, 
1739,Kuwinji, 
1740,Kuyuk Khan,Person
1741,Kwa-chau (Caiju, 
1742,Kwan Hsien, 
1743,Kwansinfu, 
1744,Kwawa, 
1745,Kwei-chau (Cuiju), 
1746,Kwei-hwa-ch’eng, 
1747,Kweilei River, 
1748,Kyung-sang province, 
1749,Káfirs of Hindu Kush, 
1750,Káil, 
1751,Kálikút, 
1752,Káshgar (Cascar, 
1753,Káveri River, 
1754,Káveripattanam, 
1755,Káyal, 
1756,Káïn (Gháín, 
1757,Kúbenán (Cobinan, 
1758,Kúblái (Cublay), 
1759,Kúkachin, 
1760,Kúnbúrn Monastery, 
1761,Kúreh-i-Ardeshír (Kuwáshír), 
1762,K’ien-ch’ang, 
1763,K’ing-yüan (Ning-po), 
1764,Lac (Wallachia, 
1765,Ladies of Kinsay, 
1766,Ladies’ dresses in Badakhshan, 
1767,Lagong, 
1768,Lahore (Dalivar), 
1769,Lahsa, 
1770,Laias (Aias),Location
1771,Lake, 
1772,Laknaoti, 
1773,Lakshamana Deva, 
1774,Lamas of Tibetan Buddhism, 
1775,Lambri, 
1776,Lan Ki Hien (Nan–Che-hien), 
1777,Lan-tsang kiang (Mekong) River, 
1778,Lances of Sago Palm, 
1779,Lanchang, 
1780,Land of Darkness, 
1781,Langdarma, 
1782,Langting Balghasun, 
1783,Languages used in Mongol Court and administration, 
1784,Lanja Bálús, 
1785,Lanka (Ceylon), 
1786,Lanner Falcons, 
1787,Lan–Ho, 
1788,Laos, 
1789,Lao–Kiun, 
1790,Lar,Location
1791,Latin version of Polo’s Book, 
1792,Latins, 
1793,Latsé, 
1794,Lauredano, 
1795,Lawek, 
1796,Laxities of marriage customs, 
1797,Layard, 
1798,Layas, 
1799,Le Strange, 
1800,Leather, 
1801,Leaves, 
1802,Lecomte on Chinese war vessels, 
1803,Lembeser, 
1804,Lenzin, 
1805,Leon I, 
1806,Leon II, 
1807,Leon III, 
1808,Leon VI, 
1809,Leopards, 
1810,Lepechin, 
1811,Leung Shan, 
1812,Levant, 
1813,Lew-sha, 
1814,Lewchew, 
1815,Lewis, 
1816,Lewis XI. and XII. (France), 
1817,Leyes, 
1818,Lhása, 
1819,Li H’ien, 
1820,Li Yuan-hao, 
1821,Li-kiang fu, 
1822,Liampo (Ningpo), 
1823,Liang, 
1824,Liang-chau in Kansuh, 
1825,Liao dynasty, 
1826,Liao-tong, 
1827,Libanos, 
1828,Licinius, 
1829,Lidé (Liti), 
1830,Lieuli Ho, 
1831,Lign-aloes (eagle-wood, 
1832,Ligor, 
1833,Lin-gui,Location
1834,Lin-ngan (Hang-chau), 
1835,Lin-ngan in Yun-nan, 
1836,Lin-t’sing chau, 
1837,Lindley, 
1838,Lindsay, 
1839,Linju, 
1840,Lintching-y, 
1841,Lion and Sun, 
1842,Lions,
1843,Lion’s Head Tablets, 
1844,Lisbon, 
1845,Lissu, 
1846,Litai, 
1847,Litan rebels against Kublai,
1848,Lithang, 
1849,Little Orphan Rock, 
1850,Litán, 
1851,Liu Pang, 
1852,Liu Pei (Luo Pé, 
1853,Livres of gold, 
1854,Lo, 
1855,Lob, 
1856,Locac, 
1857,Lochac (Camaboia),Location
1858,Lockhart, 
1859,Lolo tribes, 
1860,Longevity of Brahmins and Jogis, 
1861,Longfellow, 
1862,Lop,Location
1863,Lophaburi, 
1864,Loping, 
1865,Lor, 
1866,Lord, 
1867,Louis,Person
1868,Loups cerviers (lynx), 
1869,Low castes, 
1870,Lowatong River, 
1871,Loyang, 
1872,Lu-tzu tribe, 
1873,Lubbies, 
1874,Lubán, 
1875,Lubán-Jáwi, 
1876,Lubán-Shehri, 
1877,Lucky and unlucky hours and days, 
1878,Luddur Deo, 
1879,Luh-ho-ta Pagoda, 
1880,Lukon–Kiao (Hun-ho, 
1881,Lukyn Port, 
1882,Lung-yin, 
1883,Lusignan, 
1884,Lynxes, 
1885,Lájwurd mines, 
1886,Löss, 
1887,Lúristan (Lor, 
1888,Lút, 
1889,Ma Twan-lin, 
1890,Ma-t’eu (Matu), 
1891,Maabar,Location
1892,Maaden, 
1893,Maatum, 
1894,Macartney’s Map, 
1895,Macgregor, 
1896,Maclagan, 
1897,Madagascar,Location
1898,Madagascar (Madeigascar), 
1899,Madar–Des, 
1900,Madjgars, 
1901,Madras, 
1902,Madura, 
1903,Maestro, 
1904,Magadha, 
1905,Magadoxo, 
1906,Magapatana, 
1907,Magi, 
1908,Magic, 
1909,Magical darkness (dry fog and dust storms), 
1910,Magnet, 
1911,Magyars, 
1912,Mahar Amlàk, 
1913,Mahavan, 
1914,Mahmudiah Canal, 
1915,Mahmúd Kalháti, 
1916,Mahmúd of Ghazni, 
1917,Mahomed, 
1918,Mahomed (Mahommet), 
1919,Mahomedan revolts in China, 
1920,Mahomedans (Saracens), 
1921,Mailapúr (Shrine of St. Thomas), 
1922,Mailla's translation of the Chinese History,
1923,Maiman, 
1924,Maitreya Buddha, 
1925,Majapahit, 
1926,Majar (Menjar), 
1927,Major, 
1928,Makdashan, 
1929,Malabar, 
1930,Malacca,
1931,Malaiur, 
1932,Malasgird, 
1933,Malay Peninsula, 
1934,Malayo, 
1935,Malcolm, 
1936,Maldive Islands, 
1937,Male and Female,Location
1938,Male and Female Islands, 
1939,Malifattan, 
1940,Malik al Dháhir, 
1941,Malli, 
1942,Malpiero, 
1943,Malte–Brun, 
1944,Malwa, 
1945,Malé in Burma, 
1946,Mal–Amir, 
1947,Mamaseni, 
1948,Mamre, 
1949,Man, 
1950,Manchu dynasty, 
1951,Mancopa, 
1952,Mandalé in Burma, 
1953,Mandarin language, 
1954,Mangalai, 
1955,Mangalore, 
1956,Mangalu,Person
1957,Mangla and Nebila Islands, 
1958,Mangonels made by Polos for attack of Saianfu, 
1959,Mangou,Person
1960,Mangu (Mangkú, 
1961,Mangu–Temur (Mungultemur), 
1962,Manjanikis (Mangonellas). (See Mangonels.), 
1963,Manji,Location
1964,Manjushri, 
1965,Manjáník (Manjaniki, 
1966,Manjáník (Manjaniki), 
1967,Manphul, 
1968,Mansur Shah, 
1969,Mantzé, 
1970,Manuel, 
1971,Manufactures, 
1972,Manuscripts of Polo’s Book, 
1973,Manzi (Facfur), 
1974,Map, 
1975,Mapillas, 
1976,Maps, 
1977,Mar Sarghis, 
1978,Marabia, 
1979,Marah Silu, 
1980,Marash, 
1981,Maratha, 
1982,Mardin (Merdin), 
1983,Mare’s milk, 
1984,Margaritone, 
1985,Marignolli, 
1986,Market days, 
1987,Markets in Kinsay, 
1988,Marks of Silver, 
1989,Marriage customs in Khotan, 
1990,Marsden,Person
1991,Marsden’s edition of Polo, 
1992,Martin, 
1993,Martini,Person
1994,Martyrs, 
1995,Mashhad (Meshed, 
1996,Mashiz, 
1997,Maskat, 
1998,Mastiff Dogs, 
1999,Mastiffs of Tibet, 
2000,Mastodon, 
2001,Masulipatam,Location
2002,Mas’ud II, 
2003,Mas’udi, 
2004,Matchlocks, 
2005,Mati Dhivaja, 
2006,Matityna (Martinique), 
2007,Matitánana, 
2008,Maundevile, 
2009,Maung Maorong, 
2010,Mauro, 
2011,Mausul (Mosul), 
2012,Mayers, 
2013,Mayhew, 
2014,Mazandéran, 
2015,Ma’bar (Maabar), 
2016,Medressehs at Sivas, 
2017,Mekhitar, 
2018,Mekong River (Lan-tsang kiang), 
2019,Mekrán, 
2020,Mekránis, 
2021,Melchior, 
2022,Melibar, 
2023,Melibar (Malabar),Location
2024,Melic, 
2025,Melons, 
2026,Menangkabau, 
2027,Mendoza, 
2028,Menezes, 
2029,Mengki, 
2030,Menjar (Májar?), 
2031,Menuvair and Grosvair, 
2032,Merghuz Boirúk Khan, 
2033,Merkit (Mecrit, 
2034,Meshid (more correctly Mashhad), 
2035,Messengers, 
2036,Mexico, 
2037,Meyer, 
2038,Miafarakain, 
2039,Miau-tzu, 
2040,Mien,Location
2041,Mikado, 
2042,Military engines of the Middle Ages, 
2043,Milk, 
2044,Million, 
2045,Millione, 
2046,Millioni, 
2047,Milne, 
2048,Min River (in Fokien, 
2049,Min River (in Fokien), 
2050,Minao district, 
2051,Mines and Minerals, 
2052,Minever, 
2053,Ming, 
2054,Ming-ti, 
2055,Mingan, 
2056,Minján, 
2057,Minotto, 
2058,Mint, 
2059,Mintsing-hien, 
2060,Mious River, 
2061,Miracle Stories, 
2062,Mirkhond, 
2063,Mirobolans, 
2064,Missionary Friars, 
2065,Moa of New Zealand, 
2066,Modhafferians, 
2067,Modun Khotan (“Wood-ville”), 
2068,Moghistan, 
2069,Mohammed, 
2070,Mohammerah, 
2071,Mohiuddin, 
2072,Mokli, 
2073,Molayu, 
2074,Molebar, 
2075,Molephatan, 
2076,Molière, 
2077,Moluccas, 
2078,Mombasa, 
2079,Momein, 
2080,Monasteries of Idolaters (Buddhists), 
2081,Money, 
2082,Money of the great khan,
2083,Mongol Emperors,Person
2084,Mongol conquests, 
2085,Mongols,Organization
2086,Mongon Khan, 
2087,Mongotay (Mangkutai, 
2088,Monkeys, 
2089,Monks, 
2090,Monnier, 
2091,Monoceros and Maiden, 
2092,Monophysitism, 
2093,Monsoons, 
2094,Monte d’Ely, 
2095,Montecorvino, 
2096,Montgomerie, 
2097,Monument at Si-ngan fu, 
2098,Moon, 
2099,Moore, 
2100,Moplas, 
2101,Morgan, 
2102,Mortagne, 
2103,Moscow, 
2104,Mosolin, 
2105,Mossos, 
2106,Mosta’sim Billah, 
2107,Mosul,Location
2108,Mosul (Mausul), 
2109,Motapallé, 
2110,Motawakkil, 
2111,Moule, 
2112,Mount, 
2113,Mountain, 
2114,Mourning customs, 
2115,Mozambique Channel, 
2116,Muang, 
2117,Mulberry Trees, 
2118,Multan, 
2119,Muláhidah (Mulehet), 
2120,Mul–Java, 
2121,Mung (Nicaea), 
2122,Mungasht, 
2123,Mungul, 
2124,Mungul–Temur and Mongo–Temur, 
2125,Murad Beg, 
2126,Murghab River, 
2127,Murray, 
2128,Murus Ussu (Brius, 
2129,Mus, 
2130,Musa’úd, 
2131,Musk,
2132,Muslin, 
2133,Mutfili (Motapallé for Telingana), 
2134,Muza, 
2135,Mynibar, 
2136,Mysore, 
2137,Mystic number, 
2138,Máchin, 
2139,Mádái, 
2140,Mán, 
2141,Mâramangalam, 
2142,Mätzner, 
2143,Mírat, 
2144,Múnál pheasant (Lopophorus impeyanus), 
2145,Müller, 
2146,Nac, 
2147,Nakkára (Naccara), 
2148,Nalanda, 
2149,Nan-ghin (Nan-King),Location
2150,Nancouri, 
2151,Nanghin (Ngan-king), 
2152,Nangiass, 
2153,Nankau, 
2154,Nanking, 
2155,Nanwuli, 
2156,Nan–Chao, 
2157,Naobanján, 
2158,Naoshirwan, 
2159,Naphtha in the Caucasian country, 
2160,Napier, 
2161,Napoleon III, 
2162,Narikela–Dvipa, 
2163,Narin–Kaleh, 
2164,Narkandam, 
2165,Narsinga, 
2166,Narwhal tusk, 
2167,Nasich, 
2168,Nasruddin (Nescradin), 
2169,Nassir-uddin, 
2170,Natigay, 
2171,Navapa (Lop?), 
2172,Nava–Khanda, 
2173,Naversa (ancient Anazarbus, 
2174,Nayan,Person
2175,Nebila and Mangla islands, 
2176,Nebuchadnezzar, 
2177,Necklaces, 
2178,Necuveran, 
2179,Necuveran (Nicobar) Islands,
2180,Negapatam, 
2181,Negroes described, 
2182,Negropont, 
2183,Nellore, 
2184,Nemej, 
2185,Nerghi, 
2186,Nescardin,Person
2187,Nescradin, 
2188,Nestorian Christians, 
2189,Nestorian Christians and Jacobites,
2190,Nestorius, 
2191,Nevergún Pass, 
2192,New Year Festival at Kúblái’s Court, 
2193,Neza Tash Pass, 
2194,Ngan-king (Nanghin), 
2195,Ngan-ning-ho River, 
2196,Ngantung, 
2197,Ngo-ning, 
2198,Nia (ancient Ni-jang, 
2199,Nias Island, 
2200,Nibong Palm, 
2201,Nicaea of Alexander, 
2202,Nicholson, 
2203,Nicobar (Necuveran) Islands, 
2204,Nicolas, 
2205,Nicolas IV, 
2206,Nicolas of Pistoia, 
2207,Nieuhoff, 
2208,Nigudar (Nogodar, 
2209,Nigudarian bands, 
2210,Nilawár (Nellore), 
2211,Nile, 
2212,Nileshwaram, 
2213,Nine, 
2214,Nine Provinces (India), 
2215,Ning-hsia, 
2216,Ning-yuan fu, 
2217,Ningpo, 
2218,Niriz, 
2219,Nirvana, 
2220,Nishapúr, 
2221,Niuché (Yuché, 
2222,Noah’s Ark in Armenia, 
2223,Nobles of Venice, 
2224,Nochdarizari, 
2225,Nogai Khan, 
2226,Nogodar,Person
2227,Nogodar (Nigudar, 
2228,Nomad tribes of Persia, 
2229,Nomogan (Numughan, 
2230,None, 
2231,North, 
2232,North Star, 
2233,Note Book, 
2234,Novgorod, 
2235,Nubia, 
2236,Nukdaris, 
2237,Nuksán Pass, 
2238,Numbers, 
2239,Nusi–Ibrahim, 
2240,Nutmegs, 
2241,Nyuché, 
2242,Oak of Hebron, 
2243,Oaracta (Kishm, 
2244,Obedience of Ismaelites, 
2245,Obi River, 
2246,Observatory at Peking, 
2247,Ocean Sea, 
2248,Ocoloro Island, 
2249,Odoric, 
2250,Oger, 
2251,Ogotai Khan, 
2252,Oil from the Holy Sepulchre, 
2253,Oirad, 
2254,Okkodai Khan, 
2255,Okkoday Khan,Person
2256,Olak, 
2257,Old Man of the Mountain,Person
2258,Old Man of the Mountain (Aloadin), 
2259,Oljaïtu Khan, 
2260,Oman, 
2261,Omens, 
2262,Onan Kerule, 
2263,Ondanique (fine kind of steel), 
2264,Oppert, 
2265,Orang Gugu, 
2266,Orang Malayu River, 
2267,Orbelian, 
2268,Ordos, 
2269,Organa (Jerún), 
2270,Oriental phrases in Polo’s dictation, 
2271,Orissa, 
2272,Orkhon River, 
2273,Orleans, 
2274,Oroech, 
2275,Ostriches, 
2276,Ostyaks, 
2277,Otto, 
2278,Ouang Khan,Person
2279,Oulatay (Uladai), 
2280,Owen, 
2281,Oxen, 
2282,Oxenham, 
2283,Oxus Valley and River, 
2284,Oxus river,Location
2285,Oxydracae, 
2286,Pa-yi writing, 
2287,Pacamuria (Baccanor), 
2288,Pacauta! (an invocation), 
2289,Pacem, 
2290,Paddle-wheel barges, 
2291,Paderin, 
2292,Padma Sambhava, 
2293,Pagaroyang, 
2294,Paggi Islands, 
2295,Pagodas, 
2296,Pagán (in Burma), 
2297,Pahang, 
2298,Pai-yen-ching, 
2299,Paipurth (Baiburt), 
2300,Pakwiha, 
2301,Palace of Khan at Chagannor, 
2302,Palembang, 
2303,Palladius, 
2304,Palm (Measure), 
2305,Palm Wine, 
2306,Pamier (Pamir),
2307,Pandarani, 
2308,Pandit Manphul, 
2309,Pandrethan in Kashmir, 
2310,Pandyan kings, 
2311,Panja River, 
2312,Panjkora, 
2313,Panjshir, 
2314,Panjáb, 
2315,Pantaleon, 
2316,Panthé, 
2317,Panya (or Pengya, 
2318,Pan–Asiatic usages, 
2319,Pao-ki h’ien, 
2320,Paonano Pao, 
2321,Paper-money (Chao, 
2322,Papien River, 
2323,Papé, 
2324,Paquier, 
2325,Paradise, 
2326,Paramisura, 
2327,Paravas, 
2328,Parez, 
2329,Pariahs (Paraiyar, 
2330,Parker, 
2331,Parliament, 
2332,Parlák, 
2333,Parpa iron mines, 
2334,Parris,Person
2335,Parrot, 
2336,Parrots, 
2337,Partridges, 
2338,Parwana, 
2339,Paryán silver mines, 
2340,Parákráma Bahu I, 
2341,Pascal of Vittoria, 
2342,Pascia (Peshawer),Location
2343,Pasei, 
2344,Pasha and Pashagar tribes, 
2345,Pashai, 
2346,Pasha–Afroz, 
2347,Passo (or Pace, 
2348,Patarins, 
2349,Patlam, 
2350,Patriarchs of Eastern Christians. (See also Catholicos and, 
2351,Patteik–Kará, 
2352,Patterns, 
2353,Patu, 
2354,Pau-chym (Pao-yug-shien),Location
2355,Paukin (Pao-ying), 
2356,Pauthier, 
2357,Paved roads in China, 
2358,Payan, 
2359,Payangadi, 
2360,Paï, 
2361,Pe-king,Location
2362,Peaches, 
2363,Peacocks at St. Thomas’s, 
2364,Pearls, 
2365,Pears, 
2366,Pedir, 
2367,Pedro, 
2368,Pegu and Bengal confounded, 
2369,Pei-chau (Piju), 
2370,Pein (Bai),Location
2371,Pein (Pim, 
2372,Peking, 
2373,Pelly, 
2374,Pema-ching, 
2375,Pemberton, 
2376,Pentam (Bintang),Location
2377,Pepper, 
2378,Pepper Country, 
2379,Peregrine falcons, 
2380,Perla (Ferlec), 
2381,Persia,Location
2382,Persia and India, 
2383,Persian Gulf (Sea of India?), 
2384,Persian applied to language of foreigners at Mongol Court, 
2385,Pesháwar, 
2386,Peter, 
2387,Pharaoh’s rats (Gerboa), 
2388,Phayre, 
2389,Pheasants, 
2390,Pheng (the Rukh), 
2391,Philip III. and IV. of France, 
2392,Philip the Fair, 
2393,Philippine Islands, 
2394,Phillips, 
2395,Phipps, 
2396,Phra Râma, 
2397,Phungan, 
2398,Physician, 
2399,Physicians, 
2400,Pi-an-fu(Pin-yang-fou),Location
2401,Pianfu (P’ing-yang fu, 
2402,Pianfu (P’ing-yang fu), 
2403,Pichalok, 
2404,Pievtsov, 
2405,Pig-shells, 
2406,Pigeon posts, 
2407,Piju (Pei-chau), 
2408,Pilgrimage, 
2409,Pima (Pim), 
2410,Pin-gui (Pi-tcheou),Location
2411,Pinati, 
2412,Pine woods in Mongolian desert, 
2413,Pinna–Cael (Punnei-Káyal), 
2414,Pipino,Person
2415,Pirabandi or Bir Pandi (Vira Pandi), 
2416,Pirada, 
2417,Pirates of Malabar, 
2418,Piratical customs at Eli, 
2419,Pistachioes, 
2420,Plane, 
2421,Plano Carpini, 
2422,Po-sz’ (Persia), 
2423,Pog, 
2424,Poison, 
2425,Poison wind, 
2426,Poisoning guests, 
2427,Poisonous pasturage, 
2428,Poland, 
2429,Pole, 
2430,Pole-star, 
2431,Police, 
2432,Politeness of Chinese, 
2433,Polo,Location
2434,Polygamy, 
2435,Ponent, 
2436,Pong (Mediaeval Shan State), 
2437,Poods, 
2438,Pope of Rome,Person
2439,Popinjays, 
2440,Population, 
2441,Porcelain manufacture, 
2442,Porcupines, 
2443,Pork, 
2444,Posts, 
2445,Potala at L’hasa, 
2446,Pottinger, 
2447,Poultry, 
2448,Pound, 
2449,Pozdneiev, 
2450,Precious stones or gems, 
2451,Prester John,Person
2452,Prester John (Unc Can, 
2453,Prices of horses, 
2454,Printing, 
2455,Private names supposed, 
2456,Prjevalsky, 
2457,Probation of Jogis, 
2458,Prophecy regarding Bayan, 
2459,Prostitutes; at Cambaluc, 
2460,Provinces, 
2461,Pseudo–Callisthenes, 
2462,Ptolemies’ trained African elephants, 
2463,Ptolemy, 
2464,Pu-ch’eng, 
2465,Puer and Esmok, 
2466,Pukan Mien–Wang, 
2467,Pulad Chingsang, 
2468,Pulisangan river,Location
2469,Pulisanghin, 
2470,Pulo Bras, 
2471,Pulo Condore (Sondur and Condur), 
2472,Pulo Gommes (Gauenispola), 
2473,Pulo Nankai, 
2474,Pulo Wé, 
2475,Punnei-Káyal, 
2476,Purchas in his Pilgrims uses Ramusio's edition of Marco Polo's Travels,
2477,Puránas, 
2478,Putchok, 
2479,Putu-ho, 
2480,Pygmies, 
2481,Pádishah Khátún of Kerman, 
2482,P’ing-chang, 
2483,P’ing-yang fu (Pianfu), 
2484,P’o-yang Lake, 
2485,P’u-chau fu, 
2486,Qal’ah Asgher, 
2487,Qara Ars-lán Beg, 
2488,Quails in India, 
2489,Que-lin-fu (Kien-ning-fou),Location
2490,Queen of Mutfili, 
2491,Quen-gian-fu (Si-ngan-fou),Location
2492,Quicksilver and sulphur potion, 
2493,Quills of the Ruc, 
2494,Quilon, 
2495,Quin-sai,Location
2496,Qumadin (Camadi, 
2497,Rabbanta, 
2498,Rabelais, 
2499,Radloff, 
2500,Rain-makers, 
2501,Rainald, 
2502,Rainy season, 
2503,Rajkot leather-work, 
2504,Rakka, 
2505,Rama Kamheng, 
2506,Rameshwaram, 
2507,Ramnad, 
2508,Rampart of Gog and Magog, 
2509,Ramusio, 
2510,Ramusio's collection of Voyages and Travels,
2511,Ranking, 
2512,Raonano–Rao, 
2513,Rapson, 
2514,Ras Haili, 
2515,Rashíduddín, 
2516,Ravenala tree (Urania speciosa), 
2517,Raw meat eaten, 
2518,Rawlinson, 
2519,Reclus, 
2520,Red Sea, 
2521,Red gold and red Tangas, 
2522,Red sect of Lamas, 
2523,Refraction, 
2524,Regains his liberty,Person
2525,Reindeer ridden, 
2526,Religion, 
2527,Remission of taxation by Kúblái, 
2528,Rennell, 
2529,Reobarle,Location
2530,Reobarles (Rúdbár, 
2531,Revenue of Kinsay, 
2532,Rhinoceros (Unicorn, 
2533,Rhinoceros of Sumatra,
2534,Rhins, 
2535,Rhubarb, 
2536,Riant, 
2537,Ricci, 
2538,Rice, 
2539,Rice-wine, 
2540,Richard II, 
2541,Richthofen, 
2542,Right and Left, 
2543,Rio Marabia, 
2544,Roads radiating from Cambaluc, 
2545,Robbers in Persia, 
2546,Robbers’ River, 
2547,Robes distributed by Kúblái, 
2548,Roborovsky, 
2549,Rochefort, 
2550,Rockets, 
2551,Rockhill (Rubruck and Diary of a Journey, 
2552,Rofia palm (sagus ruffia, 
2553,Rofia palm (sagus ruffia), 
2554,Rome, 
2555,Rori–Bakkar, 
2556,Rosaries, 
2557,Rostof and Susdal, 
2558,Roth, 
2559,Rouble, 
2560,Roxana, 
2561,Roze de l’Açur, 
2562,Rubies, 
2563,Rubruquis,Person
2564,Ruby mines in Badakhshan, 
2565,Ruc (Rukh, 
2566,Rudder, 
2567,Rudra Deva, 
2568,Rudrama Devi, 
2569,Rukh, 
2570,Rukhnuddin, 
2571,Runiz, 
2572,Ruomedam–Ahomet, 
2573,Rupen, 
2574,Rupert, 
2575,Russia,
2576,Russia (Rosia, 
2577,Russians, 
2578,Rusticiano of Pisa, 
2579,Rusticians,Person
2580,Rusták, 
2581,Ruysch’s map, 
2582,Ráin, 
2583,Ráná Paramitá‘s Woman Country, 
2584,Rúdbár-i-Lass, 
2585,Rúdkhánah-i-Duzdi (Robbers’ River), 
2586,Rúdkhánah-i-Shor (Salt River), 
2587,Rúm, 
2588,Rüppell’s Table of Abyssinian kings, 
2589,Sa-van-fu (Siang-yang-fou),Location
2590,Saadi, 
2591,Saba (Sava, 
2592,Sabaste, 
2593,Sable, 
2594,Sabreddin, 
2595,Sabzawur, 
2596,Sacchion (Cha-tcheou),Location
2597,Sachiu (Sha-chau), 
2598,Sacrifices of people of Tangut, 
2599,Saffron, 
2600,Sagacity of sledge-dogs, 
2601,Sagamon Borcan, 
2602,Sagatu, 
2603,Saggio (16 oz.), 
2604,Sago, 
2605,Saianfu, 
2606,Saif Arad, 
2607,Saifuddin Nazrat, 
2608,Saimur (Chaul), 
2609,Sain Khan (or Batu), 
2610,Saker falcons, 
2611,Sakta doctrines, 
2612,Sakya Muni (Sagamon Borcan) Buddha, 
2613,Salamander, 
2614,Salar (Ho-chau), 
2615,Salem, 
2616,Salghur, 
2617,Salsette Island, 
2618,Salt,Location
2619,Salwen River, 
2620,Samagar, 
2621,Samara, 
2622,Samarcan (Samarcand),Location
2623,Samarkand (Samarcan, 
2624,Sampson, 
2625,Samudra, 
2626,Samuel, 
2627,Samána, 
2628,San Giovanni Grisostomo, 
2629,San Lorenzo, 
2630,Sandu, 
2631,Sanf, 
2632,Sanglich, 
2633,Sangon, 
2634,Sangín, 
2635,Sang–Miau, 
2636,Sanitary effects of Mountain air, 
2637,Sanjar, 
2638,Sankin Hoto, 
2639,Sanuto of Torcelli, 
2640,Sappan wood, 
2641,Sapta–Shaila, 
2642,Sapurgan (Sabúrkán, 
2643,Sapurgan(Shibbergaun) city of,
2644,Sar-i-kol, 
2645,Saracanco (Saraichik, 
2646,Saracens,Organization
2647,Sarai (Sara, 
2648,Saratov, 
2649,Sarbizan Pass, 
2650,Sardines, 
2651,Sarghalan River, 
2652,Sarha, 
2653,Sarhadd River, 
2654,Sarsáti, 
2655,Sartach,Person
2656,Sartak, 
2657,Sassanian dynasty, 
2658,Sati, 
2659,Satin, 
2660,Sava,Location
2661,Savast (Siwas), 
2662,Scanderoon, 
2663,Scasem, 
2664,Scassem(Koondooz),Location
2665,Scherani, 
2666,Schiltberger, 
2667,Schindler, 
2668,Schlegel, 
2669,Schmidt, 
2670,Schuyler, 
2671,Schönborn, 
2672,Scidmore, 
2673,Scotra, 
2674,Scotra (Socotra) isle of,Location
2675,Scythians,Organization
2676,Sea of Chin, 
2677,Seal, 
2678,Sebaste, 
2679,Sebourc, 
2680,Sees of Latin Church, 
2681,Sefavíehs, 
2682,Seilan, 
2683,Seilan (Ceylon),Person
2684,Self-decapitation, 
2685,Selitrennoyé Gorodok (Saltpetre Town), 
2686,Seljukian dynasty, 
2687,Semal tree, 
2688,Semedo, 
2689,Semenat, 
2690,Semenat (Sumnaut),Location
2691,Sempad, 
2692,Sendal, 
2693,Sendemain, 
2694,Sender Bandi Davar, 
2695,Seneca, 
2696,Senecherim, 
2697,Seni, 
2698,Sensin, 
2699,Sentemur, 
2700,Sepulchre of Adam, 
2701,Serano, 
2702,Serazi (Shíráz, 
2703,Serendib, 
2704,Sergamon Borcam,
2705,Serpents, 
2706,Sertorius, 
2707,Sesamé, 
2708,Seth’s mission to Paradise, 
2709,Sevan Lake, 
2710,Seven Arts, 
2711,Severtsoff, 
2712,Seyyed Barghash, 
2713,Sha-chau (Sachin, 
2714,Shabankara, 
2715,Shabar, 
2716,Shadow, 
2717,Shah Abbas, 
2718,Shah Werdy, 
2719,Shahr Mandi, 
2720,Shahr-i-Babek, 
2721,Shahr-i-Nao (Siam), 
2722,Shaibani Khan, 
2723,Shaikhs (Esheks, 
2724,Shakespeare, 
2725,Shamanism,
2726,Shamanism. (See also Devil–Dancing.), 
2727,Shampath, 
2728,Shamsuddin Shamatrani, 
2729,Shamuthera, 
2730,Shan (Laotian, 
2731,Shan-hai-kwan, 
2732,Shan-si, 
2733,Shan-tung, 
2734,Shanars of Tinnevelly, 
2735,Shang-hai, 
2736,Shangking–Fungking, 
2737,Shangtu, 
2738,Shangtu Keibung, 
2739,Shankárah, 
2740,Shao-hing-fu, 
2741,Shao-ling, 
2742,Shara-ul-buks (Forest of box on the Black Sea), 
2743,Sharakhs, 
2744,Sharks and shark charmers, 
2745,Shauls, 
2746,Shaw, 
2747,Shawls of Kerman, 
2748,Shawánkára (Soncara), 
2749,Sheep, 
2750,Sheep’s head given to horses, 
2751,Shehr, 
2752,Shehrizor (Kerkuk), 
2753,Shen-si, 
2754,Shenrabs, 
2755,Shentseu tribe, 
2756,Sheuping, 
2757,Shewá, 
2758,Shi-tsung, 
2759,Shibrgán (Sapurgan), 
2760,Shieng, 
2761,Shighnan (Syghinan, 
2762,Shikárgáh, 
2763,Shing-king, 
2764,Ships, 
2765,Shireghi, 
2766,Shirha, 
2767,Shirwan, 
2768,Shoa, 
2769,Shob’aengs of Nicobar, 
2770,Shodja ed-din Kurshid, 
2771,Shor–Rud (Salt River), 
2772,Shot of Military Engines, 
2773,Shpilevsky, 
2774,Shut up nations, 
2775,Shwéli River, 
2776,Sháliát, 
2777,Shíráz (Cerazi), 
2778,Shúlistán (Suolstan), 
2779,Shúls of Shauls, 
2780,Si Hia, 
2781,Si-fan,Organization
2782,Si-hu, 
2783,Si-ngan fu (Kenjanfu, 
2784,Siam, 
2785,Siang-yang-fu (Saianfu, 
2786,Siberia, 
2787,Sibree, 
2788,Sick men put to death and eaten by their friends, 
2789,Siddhárta, 
2790,Sidi Ali, 
2791,Sien, 
2792,Sifan, 
2793,Sigatay, 
2794,Sighelm, 
2795,Sijistán, 
2796,Siju (Suthsian), 
2797,Sikintinju (Kien-chow), 
2798,Silesia, 
2799,Silk, 
2800,Silver chairs, 
2801,Simon, 
2802,Simurgh, 
2803,Simúm, 
2804,Sin-din-fu(Tching-tou-fou) ,Location
2805,Sin-gui,Location
2806,Sin-gui (Sou-teheou-fou),Location
2807,Sin-gui(Tsi-ning-tcheou) city of,
2808,Sinbad, 
2809,Sind (Sindhu–Sauvira), 
2810,Sindachu (Siuen-hwa fu), 
2811,Sindafu (Chengtu-fu), 
2812,Sindhu–Sauvira (Sindh-Ságor), 
2813,Sindábúr (Goa), 
2814,Singapore, 
2815,Singkel, 
2816,Singphos, 
2817,Sings, 
2818,Singtur, 
2819,Singuyli (Cranganor), 
2820,Sinhopala (Accambale, 
2821,Sinju (Si-ning fu, 
2822,Sinju (Si-ning fu), 
2823,Sinju-matu, 
2824,Sinope, 
2825,Sinugul (Soui-tcheou),Location
2826,Sir-i-Chashma, 
2827,Sirikol, 
2828,Sirocco,
2829,Sis, 
2830,Sismondi,
2831,Sitting in air, 
2832,Siu chau, 
2833,Siuen-hwa-fu, 
2834,Siva, 
2835,Sivas, 
2836,Siwastán, 
2837,Siwi, 
2838,Sixtus V, 
2839,Siyurgutmish, 
2840,Sladen, 
2841,Slaves in Bengal, 
2842,Sledges, 
2843,Sleeping-mats, 
2844,Sluices of Grand Canal, 
2845,Smith, 
2846,Smith (R.E., 
2847,Sneezing, 
2848,Socotra (Scotra, 
2849,Soer (Suhar), 
2850,Sofala, 
2851,Sogoman Borcan, 
2852,Sol, 
2853,Soldaia, 
2854,Soldan, 
2855,Soldurii, 
2856,Soli, 
2857,Solomon, 
2858,Soltania, 
2859,Somnath (Semenat, 
2860,Sonagar-pattanam, 
2861,Soncara (Shawankára), 
2862,Sondur and Condur (Pulo Condore,
2863,Sondur and Condur (Pulo Condore Group), 
2864,Sorcerers, 
2865,Sornau (Shahr-i-Nau, 
2866,Sotiates, 
2867,Soucat, 
2868,Southey, 
2869,Spaan, 
2870,Spice, 
2871,Spice wood, 
2872,Spices in China, 
2873,Spikenard, 
2874,Spinello Aretini, 
2875,Spirit drawings and spiritual flowers, 
2876,Spirits haunting deserts, 
2877,Spiritualism in China, 
2878,Spittoons, 
2879,Spodium (Spodos), 
2880,Sport and game, 
2881,Sposk, 
2882,Springolds, 
2883,Springs, 
2884,Sprinkling of drink, 
2885,Squares at Kinsay, 
2886,Sri–Thammarat, 
2887,Sri–Vaikuntham, 
2888,Sse River, 
2889,St. Anno of Cologne, 
2890,St. Barlaam and St. Josafat, 
2891,St. Barsauma (Barsamo, 
2892,St. Blasius (Blaise, 
2893,St. Brandon, 
2894,St. Buddha, 
2895,St. Epiphanius, 
2896,St. George, 
2897,St. Helena, 
2898,St. James’ Shrine, 
2899,St. John the Baptist, 
2900,St. Leonard’s Convent in Georgia, 
2901,St. Lewis, 
2902,St. Martin, 
2903,St. Mary’s Island, 
2904,St. Matthew, 
2905,St. Matthew’s Gospel, 
2906,St. Nina, 
2907,St. Sabba’s at Acre, 
2908,St. Thomas, 
2909,St. Thomas’s Isle, 
2910,Stack, 
2911,Star Chart, 
2912,Star of Bethlehem, 
2913,Steamers on Yangtse-kiang, 
2914,Steel mines at Kermán, 
2915,Stefani, 
2916,Stein, 
2917,Stiens of Cambodia, 
2918,Stirrups, 
2919,Stitched vessels, 
2920,Stockade erected by Polo’s party in Sumatra, 
2921,Stone, 
2922,Stones giving invulnerability, 
2923,Su-chau (Suju, 
2924,Su-tásh, 
2925,Submersion of part of Ceylon, 
2926,Subterraneous irrigation, 
2927,Suburbs of Cambaluc, 
2928,Subutai, 
2929,Succiur (Sou-tcheou),Location
2930,Suchnan River, 
2931,Sudarium, 
2932,Sugar, 
2933,Suh-chau (Sukchur), 
2934,Suicides before an idol, 
2935,Sukchur, 
2936,Sukkothai, 
2937,Sukum Kala’, 
2938,Suleiman, 
2939,Sulphur and quicksilver, 
2940,Sultan Shah, 
2941,Sultaniah, 
2942,Sumatra,Location
2943,Sumatra (Java the Less, 
2944,Sumbawa, 
2945,Summers, 
2946,Sumutala, 
2947,Sun and moon, 
2948,Sundar Fúlát (Pulo Condore Group), 
2949,Sundara Pandi Devar, 
2950,Sung, 
2951,Sunnis and Shias, 
2952,Suolstan (Shulistan, 
2953,Superstitions in Tangut, 
2954,Survival, 
2955,Sur–Raja, 
2956,Sushun, 
2957,Suttee,
2958,Suttees in S. India, 
2959,Suákin, 
2960,Swans, 
2961,Swat, 
2962,Swi-fu, 
2963,Sword blades of India, 
2964,Syghinan, 
2965,Sykes, 
2966,Sylen (Ceylon), 
2967,Symbolical messages, 
2968,Syrian Christians, 
2969,Sze-ch’wan (Ch’eng-tu, 
2970,Szechényi, 
2971,Sálih, 
2972,Sárdú Pass, 
2973,Sávah (Saba), 
2974,Sínkalán, 
2975,Sírján or Shirján, 
2976,Síráf (Kish, 
2977,Sístán, 
2978,Súddhodhana, 
2979,Ta Tsing River, 
2980,Ta-pa-Shan range, 
2981,Ta-t’sien-lu, 
2982,Tabashir, 
2983,Tabbas, 
2984,Table of the Great Khan, 
2985,Tables, 
2986,Tablet, 
2987,Tablets of Authority, 
2988,Tabriz (Tauris), 
2989,Tachindo, 
2990,Tacitus, 
2991,Tactics, 
2992,Tacuin, 
2993,Tadinfu, 
2994,Taeping, 
2995,Taeping Insurrection and Devastations, 
2996,Taffetas, 
2997,Taft, 
2998,Tafurs, 
2999,Tagachar, 
3000,Tagaung, 
3001,Tagharma Pass, 
3002,Taghdúngbásh River, 
3003,Tai-in-fu (Tai-yuen-fou),Location
3004,Tai-kan(Khoolloom),Location
3005,Tai-tsu, 
3006,Taianfu (T’ai-yuan-fu, 
3007,Taiani, 
3008,Taican, 
3009,Taichau (Tigu), 
3010,Taidu, 
3011,Taikung, 
3012,Tailed men, 
3013,Tailors, 
3014,Taimúni tribe, 
3015,Taiting-fu (Tadinfu, 
3016,Taitong-fu, 
3017,Tajiks of Badakhshan, 
3018,Takfúr, 
3019,Takhtapul, 
3020,Takla–Makan, 
3021,Talains, 
3022,Talas River, 
3023,Tali, 
3024,Talifu (Carajan), 
3025,Talikan, 
3026,Tallies, 
3027,Tam-pin-gui,Location
3028,Tamarind, 
3029,Tamerlan, 
3030,Tana (Azov, 
3031,Tana (Azov), 
3032,Tana (Bombay),Location
3033,Tana–Maiambu, 
3034,Tana–Malayu, 
3035,Tanduc, 
3036,Tangnu Oola, 
3037,Tangut,Location
3038,Tangut province, 
3039,Tangutan, 
3040,Tanjore, 
3041,Tanpiju (Shaohing?), 
3042,Tantras, 
3043,Tao-lin, 
3044,Tao-sze (Taossé, 
3045,Taprobana, 
3046,Tarakai, 
3047,Tarantula, 
3048,Tarem, 
3049,Tares of the parable, 
3050,Tarmabala, 
3051,Tarok Man and Tarok Myo, 
3052,Tartar language, 
3053,Tartars, 
3054,Tartars driven out of China,
3055,Tartary cloths, 
3056,Tarungares, 
3057,Taríkh-i-Rashídí, 
3058,Tataríya coins, 
3059,Tathung, 
3060,Tattooing, 
3061,Tatu (Taichu, 
3062,Tatu (Taichu), 
3063,Tatyang Khan (Great King, 
3064,Tauris, 
3065,Taurizi, 
3066,Tawálisi, 
3067,Taxes, 
3068,Tchakiri Mondou (Modun, 
3069,Tchakiri Mondou (Modun), 
3070,Tea,
3071,Tea trees in E. Tibet, 
3072,Tea-houses at Kingszé, 
3073,Tebet, 
3074,Tedaldo, 
3075,Teeth, 
3076,Teflis,Location
3077,Tegana, 
3078,Teghele, 
3079,Teimur (Temur, 
3080,Tekla, 
3081,Tekrit, 
3082,Telingana, 
3083,Telo Samawe, 
3084,Tembul (Betel, 
3085,Temkan, 
3086,Temple, 
3087,Temple’s account of the Condor, 
3088,Temugin,Person
3089,Temujin, 
3090,Temur,Person
3091,Tenduc,Location
3092,Tengri, 
3093,Tennasserim, 
3094,Tents, 
3095,Tents of  the great khan,
3096,Terebinth, 
3097,Terra Australis, 
3098,Terra Mountains, 
3099,Te–Tsung, 
3100,Thai, 
3101,Thai-yuanfu (Taianfu, 
3102,Thai-yuanfu (Taianfu), 
3103,Thaigin, 
3104,Theft, 
3105,Theistic worship, 
3106,Thelasar, 
3107,Theobald, 
3108,Theodorus, 
3109,Theodosius the Great, 
3110,Theophilus, 
3111,Thian Shan, 
3112,Thianté-Kiun, 
3113,Thibet,Person
3114,Thin l’Evêque, 
3115,Tholoman, 
3116,Tholoman (part of Yun-nan),Location
3117,Thomas, 
3118,Thread, 
3119,Three kingdoms (San–Kwé), 
3120,Threshold, 
3121,Thurán Shah’s History of Hormuz, 
3122,Thévenot, 
3123,Ti-min-gui (King-te-ching),
3124,Tibet (Tebet) province, 
3125,Tibetan language and character, 
3126,Tibetans, 
3127,Tides in Hang-chau estuary, 
3128,Tierce, 
3129,Tiflis, 
3130,Tigado, 
3131,Tigers (called lions by Polo, 
3132,Tigris River (Volga, 
3133,Tigúdar (Acomat Soldan), 
3134,Tiju, 
3135,Tiles, 
3136,Tiling, 
3137,Tilinga, 
3138,Timur of Toumen, 
3139,Timur the Great, 
3140,Timurids, 
3141,Tin-gui,Location
3142,Ting, 
3143,Tinju, 
3144,Tinnevelly, 
3145,Tithe on clothing material, 
3146,Tithing men, 
3147,Titus, 
3148,Tjajya, 
3149,Toba race, 
3150,Toc-tai,Person
3151,Toctai, 
3152,Tod, 
3153,Toddy, 
3154,Togan, 
3155,Toghontemur, 
3156,Toghrul I, 
3157,Togrul Wang Khan, 
3158,Toka Tumir, 
3159,Toktai Khan (Toctai, 
3160,Tokát, 
3161,Tolan-nur (Dolonnúr), 
3162,Toleto, 
3163,Tolobuga, 
3164,Toman (Tuman, 
3165,Tongking, 
3166,Tonocain (Daumghann),Location
3167,Tooth-relique of Buddha, 
3168,Torchi, 
3169,Toris (Tauris or Tabreez),Location
3170,Tornesel, 
3171,Toro River, 
3172,Torshok, 
3173,Torture by constriction in raw hide, 
3174,Tournefort, 
3175,Tower and Bell Alarm at Peking, 
3176,Toyan (Tathung?), 
3177,Trade at Layas, 
3178,Trades in Manzi, 
3179,Transmigration, 
3180,Traps for fur animals, 
3181,Travancore, 
3182,Travellers,Organization
3183,Treasure of Maabar kings, 
3184,Trebizond, 
3185,Trebuchets, 
3186,Trees, 
3187,Trench, 
3188,Trevisano, 
3189,Trincomalee, 
3190,Tringano, 
3191,Trinkat, 
3192,Tsin-tsun, 
3193,Tsiuan-chau, 
3194,Tsongkhapa, 
3195,Tsukuzi in Japan, 
3196,Tsung-ngan-hien, 
3197,Tsushima, 
3198,Ts’uan-chou, 
3199,Tu T’song, 
3200,Tu-fan, 
3201,Tu-ku-hun, 
3202,Tuan, 
3203,Tudai, 
3204,Tudai–Mangku (Totamangu or Totamangul), 
3205,Tughan, 
3206,Tughlak Shah, 
3207,Tuktuyai Khan, 
3208,Tuli, 
3209,Tuman, 
3210,Tumba, 
3211,Tun-o-kain (Tunocain, 
3212,Tung-chau (Tinju), 
3213,Tung-hwang-hien, 
3214,Tung-kwan, 
3215,Tung-‘an in Fokien, 
3216,Tunguses, 
3217,Tunny fish, 
3218,Turbit (radex Turpethi), 
3219,Turcomania,Organization
3220,Turcomania (Anatolian Turkey), 
3221,Turgaut, 
3222,Turkestan,Location
3223,Turkey, 
3224,Turkistan chiefs send mission to kings of India, 
3225,Turkmans and Turks, 
3226,Turks, 
3227,Turmeric, 
3228,Turner, 
3229,Turquans, 
3230,Turquoises in Kermán, 
3231,Turtle doves, 
3232,Turumpak, 
3233,Tutia (Tutty, 
3234,Tuticorin, 
3235,Tver, 
3236,Twelve, 
3237,Twigs or arrows, 
3238,Tylor, 
3239,Tyuman, 
3240,Tyunju, 
3241,Tzarev, 
3242,Tzaritzyn, 
3243,Táki-uddin, 
3244,Tánasi cloth, 
3245,Tánkíz Khan, 
3246,Tásh Kurgán, 
3247,Tún, 
3248,T’ai Tsung, 
3249,T’aiching-Kwan, 
3250,T’ang dynasty, 
3251,T’sang-chau, 
3252,T’si-nan-fu (Chinangli), 
3253,T’si-ning-chau, 
3254,T’sien T’ang River, 
3255,T’sing-chau, 
3256,T’sing-ling range, 
3257,U-man and Pe-man (Black and White Barbarians), 
3258,U-nya-Mwezi superstition, 
3259,Ucaca (Ukak, 
3260,Uch-baligh, 
3261,Uch–Multán, 
3262,Udoe country, 
3263,Udong, 
3264,Udyána, 
3265,Ughim,Location
3266,Ughuz, 
3267,Uighúr character, 
3268,Uighúrs, 
3269,Uiraca, 
3270,Uirad, 
3271,Ujjain, 
3272,Ukak. (See Ucaca.), 
3273,Ulakhai, 
3274,Ulan Muren (Red River), 
3275,Ulatai (Oulatay), 
3276,Ulugh Bagh, 
3277,Ulús, 
3278,Umbrellas, 
3279,Un-gui(Kia-hing),Location
3280,Un-quem(Ming-taing),Location
3281,Unc Can (Aung Khan), 
3282,Ung (Ungkút, 
3283,Ungrat (Kungurat), 
3284,Unicorn (Rhinoceros), 
3285,Unken, 
3286,Unlucky hours, 
3287,Ural river,Location
3288,Urduja, 
3289,Uriangkadai, 
3290,Uriangkút (Tunguses), 
3291,Urianhai, 
3292,Urumtsi, 
3293,Urzú, 
3294,Uspenskoye (called also Bolgarskoye), 
3295,Uttungadeva, 
3296,Uwek, 
3297,Uzbeg Khan of Sarai, 
3298,Uzbegs of Kunduz, 
3299,Uzun Tati, 
3300,Vair, 
3301,Valaghir district, 
3302,Van Lake, 
3303,Vanchu (Wangchu), 
3304,Varaegian, 
3305,Varaha Mihira, 
3306,Vardoj River, 
3307,Varsach, 
3308,Veil of the Temple, 
3309,Vellalars, 
3310,Venetians, 
3311,Venice,Location
3312,Ventilators at Hormuz, 
3313,Venádan, 
3314,Verlinden, 
3315,Vessels, 
3316,Vial, 
3317,Vijayanagar, 
3318,Vikramajit, 
3319,Vikrampúr, 
3320,Villard de Honnecourt, 
3321,Vincent of Beauvais, 
3322,Vincenzo, 
3323,Vineyards, 
3324,Vinson, 
3325,Virgin of Cape Comorin, 
3326,Visconti, 
3327,Vissering, 
3328,Vochan (Unchan), 
3329,Vociam,Location
3330,Vokhan, 
3331,Vokhan (Wakhan),Location
3332,Volga, 
3333,Volga river,Location
3334,Vos, 
3335,Vughin, 
3336,Vuju in Kiangnan, 
3337,Vámbéry, 
3338,Wa-tzu, 
3339,Wadoe tribe, 
3340,Wakf, 
3341,Wakhijrui Pass, 
3342,Wakhjír Pass, 
3343,Wakhsh, 
3344,Wakhtang II, 
3345,Wakhán (Vokhan, 
3346,Walashjird, 
3347,Waldshut,
3348,Wall of Alexander (or Caucasian), 
3349,Wallachs, 
3350,Walnut-oil, 
3351,Wami River, 
3352,Wang, 
3353,Wangchu, 
3354,Wapila, 
3355,War vessels, 
3356,Warangol Ku, 
3357,Warangs, 
3358,Warner, 
3359,Wassáf, 
3360,Water, 
3361,Wathek, 
3362,Weather-conjuring, 
3363,Wei River in Shen-si, 
3364,Wei dynasty, 
3365,Wei-ning, 
3366,Weights and measures, 
3367,Wen River, 
3368,Wen-chow, 
3369,Westermarck, 
3370,Whale oil, 
3371,Whales, 
3372,Wheaten bread not eaten, 
3373,White bears, 
3374,Whittington and his cat in Persia, 
3375,Wild asses and oxen, 
3376,William of Tripoli, 
3377,Williams, 
3378,Williamson, 
3379,Wilson, 
3380,Wind, 
3381,Wine, 
3382,Wo-fo-sze, 
3383,Wolves in Pamir, 
3384,Women, 
3385,Wonders performed by the Bacsi, 
3386,Wood, 
3387,Wood-oil, 
3388,Wool, 
3389,Worship of Mahomet (supposed), 
3390,Worshipping the tablets, 
3391,Wu-chau (Vuju), 
3392,Wu-ti, 
3393,Wukiang-hien (Vughin), 
3394,Wylie, 
3395,Wüsus, 
3396,Xavier, 
3397,Xerxes, 
3398,Ya-chau, 
3399,Yachi (Yun-nan-fu), 
3400,Yaci(Chiaki),Location
3401,Yaik River, 
3402,Yak (dong), 
3403,Yakuts, 
3404,Yalung River, 
3405,Yam, 
3406,Yamgán, 
3407,Yan-gui (Yang-tcheou-fou),Location
3408,Yang-chau (Yanju), 
3409,Yang-tse-kiang or Kiang,Location
3410,Yarbeg of Badakhshan, 
3411,Yarcan(Yarcund) ,Location
3412,Yarcund,Location
3413,Yarkand (Yarcan), 
3414,Yasdi (Yerd),Location
3415,Yasdi (Yezd), 
3416,Yasodhara, 
3417,Yavanas, 
3418,Yazdashir, 
3419,Ya’kúb Beg of Kasghar, 
3420,Ydifu, 
3421,Year, 
3422,Yelimala, 
3423,Yeliu Chutsai, 
3424,Yellow, 
3425,Yemen (See also Aden.), 
3426,Yen-king (Old Peking), 
3427,Yeng-chau (in Shan-tung, 
3428,Yeng-chau (in Shan-tung), 
3429,Yenshan, 
3430,Yen–Ping, 
3431,Yesubuka, 
3432,Yesudar, 
3433,Yesugai, 
3434,Yetsina (Etzina), 
3435,Yezd (Yasdi), 
3436,Yiu-ki River, 
3437,Yonting Ho River, 
3438,Yoritomo, 
3439,Yotkàn, 
3440,Youth, 
3441,Yrac, 
3442,Ysemain of Hiulie, 
3443,Yu, 
3444,Yu-chow, 
3445,Yuan Ho, 
3446,Yue-chi, 
3447,Yuen, 
3448,Yuen ming-yuen, 
3449,Yuen shi, 
3450,Yuen-hao, 
3451,Yugria, 
3452,Yuh-shan, 
3453,Yule, 
3454,Yun-nan (Carajan), 
3455,Yun-nan-fu city, 
3456,Yung Lo, 
3457,Yung-chang fu (Shen-si), 
3458,Yun–Hien, 
3459,Yurungkásh (white Jade) River, 
3460,Yusuf Kekfi, 
3461,Yuthia, 
3462,Yvo of Narbonne, 
3463,Yájú, 
3464,Zabedj, 
3465,Zai-tun (Amoy),Location
3466,Zaila, 
3467,Zampa, 
3468,Zanghibar (Zangibar), 
3469,Zanghibar (Zanguebar),Location
3470,Zanton (Shantung?), 
3471,Zanzale, 
3472,Zapharan, 
3473,Zardandan, 
3474,Zarneke, 
3475,Zayton, 
3476,Zebu, 
3477,Zebák Valley, 
3478,Zedoary, 
3479,Zenghi, 
3480,Zerms (Jerms), 
3481,Zerumbet, 
3482,Zettani, 
3483,Zhafar, 
3484,Zic (Circassia), 
3485,Zikas, 
3486,Zimmé, 
3487,Zinc, 
3488,Zinj, 
3489,Zipangu (Japan),
3490,Zobeidah, 
3491,Zorza, 
3492,Zu-‘lkarnain (Zulcarniain), 
3493,Zurficar (Zúrpica Zulficar), 
3494,an soe the Pope,
3495,"‘An-nan, or Tongking", 
3496,’Angka(Gryphon), 
3497,’Apuhota (Kapukada?), 
